<?xml version='1.0' encoding='UTF-8'?>
<bounding-boxes font-family="Bravura" units-per-em="1000">
  <g c="0020" x="0.0" y="0.0" w="0.0" h="0.0" h-a-x="100" n="space" />
  <g c="266D" x="0.0" y="-175.0" w="226.0" h="614.0" h-a-x="226" n="musicFlatSign" />
  <g c="266E" x="0.0" y="-335.0" w="168.0" h="676.0" h-a-x="169" n="musicNaturalSign" />
  <g c="266F" x="0.0" y="-348.0" w="249.0" h="698.0" h-a-x="249" n="musicSharpSign" />
  <g c="E000" x="2.0" y="0.0" w="80.0" h="997.0" h-a-x="84" n="brace" />
  <g c="E003" x="0.0" y="0.0" w="469.0" h="295.0" h-a-x="469" n="bracketTop" />
  <g c="E004" x="0.0" y="-295.0" w="469.0" h="295.0" h-a-x="469" n="bracketBottom" />
  <g c="E043" x="0.0" y="318.0" w="100.0" h="352.0" h-a-x="100" n="repeatDots" />
  <g c="E044" x="0.0" y="-50.0" w="100.0" h="100.0" h-a-x="100" n="repeatDot" />
  <g c="E045" x="11.0" y="-9.0" w="1071.0" h="451.0" h-a-x="1082" n="dalSegno" />
  <g c="E046" x="11.0" y="-9.0" w="1071.0" h="451.0" h-a-x="1083" n="daCapo" />
  <g c="E047" x="4.0" y="-27.0" w="546.0" h="786.0" h-a-x="557" n="segno" />
  <g c="E048" x="-4.0" y="-158.0" w="959.0" h="1056.0" h-a-x="954" n="coda" />
  <g c="E049" x="0.0" y="-154.0" w="822.0" h="1057.0" h-a-x="819" n="codaSquare" />
  <g c="E04A" x="2.0" y="-33.0" w="401.0" h="1064.0" h-a-x="402" n="segnoSerpent1" />
  <g c="E04B" x="1.0" y="-33.0" w="401.0" h="1064.0" h-a-x="402" n="segnoSerpent2" />
  <g c="E050" x="0.0" y="-658.0" w="671.0" h="1756.0" h-a-x="671" n="gClef" />
  <g c="E051" x="0.0" y="-881.0" w="671.0" h="1979.0" h-a-x="671" n="gClef15mb" />
  <g c="E052" x="0.0" y="-878.0" w="671.0" h="1976.0" h-a-x="664" n="gClef8vb" />
  <g c="E053" x="0.0" y="-658.0" w="671.0" h="1978.0" h-a-x="671" n="gClef8va" />
  <g c="E054" x="0.0" y="-658.0" w="671.0" h="1977.0" h-a-x="671" n="gClef15ma" />
  <g c="E055" x="0.0" y="-658.0" w="1044.0" h="1756.0" h-a-x="1044" n="gClef8vbOld" />
  <g c="E056" x="0.0" y="-658.0" w="842.0" h="1756.0" h-a-x="842" n="gClef8vbCClef" />
  <g c="E05C" x="0.0" y="-506.0" w="699.0" h="1012.0" h-a-x="699" n="cClef" />
  <g c="E05D" x="0.0" y="-741.0" w="699.0" h="1247.0" h-a-x="699" n="cClef8vb" />
  <g c="E062" x="-5.0" y="-635.0" w="689.0" h="897.0" h-a-x="684" n="fClef" />
  <g c="E063" x="-5.0" y="-742.0" w="689.0" h="1004.0" h-a-x="684" n="fClef15mb" />
  <g c="E064" x="-5.0" y="-744.0" w="689.0" h="1006.0" h-a-x="684" n="fClef8vb" />
  <g c="E065" x="-5.0" y="-635.0" w="689.0" h="1130.0" h-a-x="684" n="fClef8va" />
  <g c="E066" x="-5.0" y="-635.0" w="689.0" h="1131.0" h-a-x="684" n="fClef15ma" />
  <g c="E069" x="0.0" y="-250.0" w="382.0" h="500.0" h-a-x="382" n="unpitchedPercussionClef1" />
  <g c="E06A" x="0.0" y="-465.0" w="312.0" h="926.0" h-a-x="312" n="unpitchedPercussionClef2" />
  <g c="E06D" x="-3.0" y="-748.0" w="411.0" h="1512.0" h-a-x="409" n="6stringTabClef" />
  <g c="E06E" x="-3.0" y="-508.0" w="275.0" h="1012.0" h-a-x="271" n="4stringTabClef" />
  <g c="E073" x="6.0" y="-658.0" w="671.0" h="1756.0" h-a-x="674" n="gClefReversed" />
  <g c="E074" x="6.0" y="-602.0" w="671.0" h="1756.0" h-a-x="674" n="gClefTurned" />
  <g c="E075" x="0.0" y="-506.0" w="699.0" h="1012.0" h-a-x="699" n="cClefReversed" />
  <g c="E076" x="0.0" y="-635.0" w="689.0" h="897.0" h-a-x="689" n="fClefReversed" />
  <g c="E077" x="0.0" y="-264.0" w="689.0" h="897.0" h-a-x="684" n="fClefTurned" />
  <g c="E07A" x="0.0" y="-455.0" w="440.0" h="1162.0" h-a-x="440" n="gClefChange" />
  <g c="E07B" x="0.0" y="-332.0" w="506.0" h="664.0" h-a-x="506" n="cClefChange" />
  <g c="E07C" x="-15.0" y="-414.0" w="478.0" h="584.0" h-a-x="462" n="fClefChange" />
  <g c="E080" x="20.0" y="-250.0" w="430.0" h="501.0" h-a-x="470" n="timeSig0" />
  <g c="E081" x="20.0" y="-250.0" w="294.0" h="501.0" h-a-x="334" n="timeSig1" />
  <g c="E082" x="20.0" y="-257.0" w="406.0" h="511.0" h-a-x="446" n="timeSig2" />
  <g c="E083" x="20.0" y="-251.0" w="381.0" h="500.0" h-a-x="421" n="timeSig3" />
  <g c="E084" x="20.0" y="-250.0" w="430.0" h="501.0" h-a-x="470" n="timeSig4" />
  <g c="E085" x="20.0" y="-251.0" w="363.0" h="497.0" h-a-x="403" n="timeSig5" />
  <g c="E086" x="20.0" y="-249.0" w="394.0" h="500.0" h-a-x="434" n="timeSig6" />
  <g c="E087" x="20.0" y="-250.0" w="401.0" h="499.0" h-a-x="441" n="timeSig7" />
  <g c="E088" x="20.0" y="-259.0" w="396.0" h="518.0" h-a-x="436" n="timeSig8" />
  <g c="E089" x="20.0" y="-249.0" w="394.0" h="500.0" h-a-x="434" n="timeSig9" />
  <g c="E08A" x="5.0" y="-249.0" w="419.0" h="500.0" h-a-x="424" n="timeSigCommon" />
  <g c="E08B" x="0.0" y="-359.0" w="418.0" h="720.0" h-a-x="417" n="timeSigCutCommon" />
  <g c="E08C" x="-1.0" y="-250.0" w="500.0" h="500.0" h-a-x="500" n="timeSigPlus" />
  <g c="E08D" x="-1.0" y="-133.0" w="256.0" h="256.0" h-a-x="254" n="timeSigPlusSmall" />
  <g c="E08E" x="0.0" y="-190.0" w="378.0" h="379.0" h-a-x="378" n="timeSigFractionalSlash" />
  <g c="E08F" x="0.0" y="-125.0" w="448.0" h="249.0" h-a-x="448" n="timeSigEquals" />
  <g c="E090" x="0.0" y="-35.0" w="448.0" h="75.0" h-a-x="448" n="timeSigMinus" />
  <g c="E091" x="0.0" y="-198.0" w="395.0" h="396.0" h-a-x="396" n="timeSigMultiply" />
  <g c="E092" x="0.0" y="-251.0" w="110.0" h="500.0" h-a-x="110" n="timeSigParensLeftSmall" />
  <g c="E093" x="0.0" y="-251.0" w="110.0" h="500.0" h-a-x="110" n="timeSigParensRightSmall" />
  <g c="E094" x="0.0" y="-489.0" w="184.0" h="980.0" h-a-x="184" n="timeSigParensLeft" />
  <g c="E095" x="0.0" y="-489.0" w="184.0" h="980.0" h-a-x="184" n="timeSigParensRight" />
  <g c="E0A0" x="0.0" y="-155.0" w="599.0" h="310.0" h-a-x="599" n="noteheadDoubleWhole">
    <a n="noteheadOrigin" x="0.36" y="0.0" />
  </g>
  <g c="E0A1" x="0.0" y="-190.0" w="416.0" h="388.0" h-a-x="416" n="noteheadDoubleWholeSquare" />
  <g c="E0A2" x="0.0" y="-125.0" w="422.0" h="250.0" h-a-x="422" n="noteheadWhole">
    <a n="cutOutNW" x="0.17" y="0.33" />
    <a n="cutOutSE" x="1.53" y="-0.36" />
  </g>
  <g c="E0A3" x="0.0" y="-125.0" w="295.0" h="250.0" h-a-x="295" n="noteheadHalf">
    <a n="cutOutNW" x="0.2" y="0.3" />
    <a n="cutOutSE" x="0.98" y="-0.3" />
    <a n="splitStemDownNE" x="0.96" y="-0.3" />
    <a n="splitStemDownNW" x="0.13" y="-0.43" />
    <a n="splitStemUpSE" x="1.11" y="0.37" />
    <a n="splitStemUpSW" x="0.33" y="0.38" />
    <a n="stemDownNW" x="0.0" y="-0.17" />
    <a n="stemUpSE" x="1.18" y="0.17" />
  </g>
  <g c="E0A4" x="0.0" y="-125.0" w="295.0" h="250.0" h-a-x="295" n="noteheadBlack">
    <a n="cutOutNW" x="0.21" y="0.3" />
    <a n="cutOutSE" x="0.94" y="-0.3" />
    <a n="splitStemDownNE" x="0.97" y="-0.25" />
    <a n="splitStemDownNW" x="0.12" y="-0.42" />
    <a n="splitStemUpSE" x="1.09" y="0.39" />
    <a n="splitStemUpSW" x="0.31" y="0.36" />
    <a n="stemDownNW" x="0.0" y="-0.17" />
    <a n="stemUpSE" x="1.18" y="0.17" />
  </g>
  <g c="E0A5" x="0.0" y="0.0" w="0.0" h="0.0" h-a-x="295" n="noteheadNull" />
  <g c="E0A9" x="0.0" y="-125.0" w="290.0" h="250.0" h-a-x="290" n="noteheadXBlack">
    <a n="stemDownNW" x="0.0" y="-0.44" />
    <a n="stemUpSE" x="1.16" y="0.44" />
  </g>
  <g c="E0AF" x="-1.0" y="-125.0" w="250.0" h="250.0" h-a-x="249" n="noteheadPlusBlack">
    <a n="stemDownNW" x="-0.0" y="0.0" />
    <a n="stemUpSE" x="1.0" y="0.0" />
  </g>
  <g c="E0B5" x="0.0" y="-125.0" w="420.0" h="250.0" h-a-x="420" n="noteheadWholeWithX" />
  <g c="E0B6" x="0.0" y="-125.0" w="294.0" h="250.0" h-a-x="294" n="noteheadHalfWithX">
    <a n="stemDownNW" x="0.0" y="-0.17" />
    <a n="stemUpSE" x="1.18" y="0.16" />
  </g>
  <g c="E0B7" x="0.0" y="-125.0" w="289.0" h="250.0" h-a-x="289" n="noteheadVoidWithX">
    <a n="stemDownNW" x="0.0" y="-0.15" />
    <a n="stemUpSE" x="1.16" y="0.15" />
  </g>
  <g c="E0D9" x="0.0" y="-125.0" w="251.0" h="250.0" h-a-x="251" n="noteheadDiamondHalf">
    <a n="stemDownNW" x="0.0" y="0.0" />
    <a n="stemUpSE" x="1.0" y="0.0" />
  </g>
  <g c="E0DA" x="0.0" y="-125.0" w="351.0" h="250.0" h-a-x="351" n="noteheadDiamondHalfWide">
    <a n="stemDownNW" x="0.0" y="0.0" />
    <a n="stemUpSE" x="1.4" y="0.0" />
  </g>
  <g c="E0DB" x="0.0" y="-125.0" w="250.0" h="250.0" h-a-x="250" n="noteheadDiamondBlack">
    <a n="stemDownNW" x="0.0" y="0.0" />
    <a n="stemUpSE" x="1.0" y="0.0" />
  </g>
  <g c="E0DC" x="0.0" y="-125.0" w="350.0" h="250.0" h-a-x="350" n="noteheadDiamondBlackWide">
    <a n="stemDownNW" x="0.0" y="0.0" />
    <a n="stemUpSE" x="1.4" y="0.0" />
  </g>
  <g c="E0DD" x="0.0" y="-125.0" w="250.0" h="250.0" h-a-x="250" n="noteheadDiamondWhite">
    <a n="stemDownNW" x="0.0" y="0.0" />
    <a n="stemUpSE" x="1.0" y="0.0" />
  </g>
  <g c="E0DE" x="0.0" y="-125.0" w="350.0" h="250.0" h-a-x="350" n="noteheadDiamondWhiteWide">
    <a n="stemDownNW" x="0.0" y="0.0" />
    <a n="stemUpSE" x="1.4" y="0.0" />
  </g>
  <g c="E0F5" x="0.0" y="-181.0" w="109.0" h="362.0" h-a-x="73" n="noteheadParenthesisLeft" />
  <g c="E0F6" x="-36.0" y="-181.0" w="109.0" h="362.0" h-a-x="73" n="noteheadParenthesisRight" />
  <g c="E0FA" x="0.0" y="-125.0" w="422.0" h="250.0" h-a-x="422" n="noteheadWholeFilled" />
  <g c="E0FB" x="0.0" y="-125.0" w="295.0" h="250.0" h-a-x="295" n="noteheadHalfFilled" />
  <g c="E101" x="0.0" y="-250.0" w="530.0" h="500.0" h-a-x="531" n="noteheadSlashHorizontalEnds">
    <a n="stemDownNW" x="0.0" y="-1.0" />
    <a n="stemUpSE" x="2.12" y="1.0" />
  </g>
  <g c="E102" x="0.0" y="-250.0" w="980.0" h="500.0" h-a-x="980" n="noteheadSlashWhiteWhole" />
  <g c="E103" x="0.0" y="-250.0" w="780.0" h="500.0" h-a-x="780" n="noteheadSlashWhiteHalf">
    <a n="stemDownNW" x="0.0" y="-1.0" />
    <a n="stemUpSE" x="3.12" y="1.0" />
  </g>
  <g c="E1D0" x="0.0" y="-168.0" w="655.0" h="338.0" h-a-x="655" n="noteDoubleWhole" />
  <g c="E1D1" x="0.0" y="-190.0" w="416.0" h="388.0" h-a-x="533" n="noteDoubleWholeSquare" />
  <g c="E1D2" x="0.0" y="-137.0" w="459.0" h="273.0" h-a-x="459" n="noteWhole" />
  <g c="E1D3" x="0.0" y="-145.0" w="341.0" h="1020.0" h-a-x="341" n="noteHalfUp" />
  <g c="E1D5" x="0.0" y="-141.0" w="332.0" h="1016.0" h-a-x="332" n="noteQuarterUp" />
  <g c="E1D7" x="0.0" y="-138.0" w="566.0" h="1011.0" h-a-x="566" n="note8thUp" />
  <g c="E1D9" x="0.0" y="-138.0" w="581.0" h="1011.0" h-a-x="581" n="note16thUp" />
  <g c="E1DB" x="0.0" y="-138.0" w="563.0" h="1161.0" h-a-x="563" n="note32ndUp" />
  <g c="E1DD" x="0.0" y="-138.0" w="563.0" h="1360.0" h-a-x="563" n="note64thUp" />
  <g c="E1DF" x="0.0" y="-138.0" w="563.0" h="1546.0" h-a-x="563" n="note128thUp" />
  <g c="E1E1" x="0.0" y="-138.0" w="566.0" h="1718.0" h-a-x="566" n="note256thUp" />
  <g c="E1E3" x="0.0" y="-138.0" w="568.0" h="1901.0" h-a-x="568" n="note512thUp" />
  <g c="E1E5" x="0.0" y="-125.0" w="567.0" h="2076.0" h-a-x="567" n="note1024thUp" />
  <g c="E1E7" x="0.0" y="-50.0" w="100.0" h="100.0" h-a-x="100" n="augmentationDot" />
  <g c="E220" x="-150.0" y="-93.0" w="300.0" h="187.0" h-a-x="150" n="tremolo1" />
  <g c="E221" x="-151.0" y="-187.0" w="300.0" h="374.0" h-a-x="149" n="tremolo2" />
  <g c="E222" x="-150.0" y="-280.0" w="300.0" h="558.0" h-a-x="150" n="tremolo3" />
  <g c="E223" x="-150.0" y="-370.0" w="300.0" h="744.0" h-a-x="149" n="tremolo4" />
  <g c="E224" x="-151.0" y="-460.0" w="301.0" h="930.0" h-a-x="149" n="tremolo5" />
  <g c="E22A" x="-155.0" y="-116.0" w="311.0" h="232.0" h-a-x="156" n="buzzRoll" />
  <g c="E22E" x="0.0" y="0.0" w="250.0" h="100.0" h-a-x="250" n="tremoloDivisiDots2" />
  <g c="E22F" x="0.0" y="0.0" w="400.0" h="100.0" h-a-x="400" n="tremoloDivisiDots3" />
  <g c="E230" x="0.0" y="0.0" w="550.0" h="100.0" h-a-x="550" n="tremoloDivisiDots4" />
  <g c="E231" x="0.0" y="0.0" w="400.0" h="250.0" h-a-x="400" n="tremoloDivisiDots6" />
  <g c="E240" x="0.0" y="-810.19" w="264.0" h="819.19" h-a-x="264" n="flag8thUp">
    <a n="graceNoteSlashNE" x="1.28" y="-0.8" />
    <a n="graceNoteSlashSW" x="-0.64" y="-2.46" />
    <a n="stemUpNW" x="0.0" y="-0.04" />
  </g>
  <g c="E241" x="0.0" y="-14.0" w="306.0" h="822.0" h-a-x="306" n="flag8thDown">
    <a n="graceNoteSlashNW" x="-0.6" y="2.17" />
    <a n="graceNoteSlashSE" x="1.33" y="0.63" />
    <a n="stemDownSW" x="0.0" y="0.13" />
  </g>
  <g c="E242" x="0.0" y="-813.0" w="279.0" h="815.0" h-a-x="279" n="flag16thUp">
    <a n="stemUpNW" x="0.0" y="-0.09" />
  </g>
  <g c="E243" x="0.0" y="-9.0" w="290.9" h="821.01" h-a-x="292" n="flag16thDown">
    <a n="stemDownSW" x="0.0" y="0.13" />
  </g>
  <g c="E244" x="0.0" y="-812.0" w="261.0" h="961.0" h-a-x="262" n="flag32ndUp">
    <a n="stemUpNW" x="0.0" y="0.38" />
  </g>
  <g c="E245" x="0.0" y="-172.0" w="273.0" h="984.0" h-a-x="274" n="flag32ndDown">
    <a n="stemDownSW" x="0.0" y="-0.45" />
  </g>
  <g c="E246" x="0.0" y="-812.0" w="261.0" h="1159.0" h-a-x="262" n="flag64thUp">
    <a n="stemUpNW" x="0.0" y="1.17" />
  </g>
  <g c="E247" x="0.0" y="-376.0" w="273.0" h="1188.0" h-a-x="275" n="flag64thDown">
    <a n="stemDownSW" x="0.0" y="-1.24" />
  </g>
  <g c="E248" x="0.0" y="-812.0" w="261.0" h="1345.0" h-a-x="259" n="flag128thUp">
    <a n="stemUpNW" x="0.0" y="1.9" />
  </g>
  <g c="E249" x="0.0" y="-580.0" w="273.0" h="1392.0" h-a-x="275" n="flag128thDown">
    <a n="stemDownSW" x="0.0" y="-2.08" />
  </g>
  <g c="E24A" x="0.0" y="-812.0" w="264.0" h="1516.0" h-a-x="268" n="flag256thUp">
    <a n="stemUpNW" x="0.0" y="2.59" />
  </g>
  <g c="E24B" x="0.0" y="-751.0" w="299.0" h="1563.0" h-a-x="301" n="flag256thDown">
    <a n="stemDownSW" x="0.0" y="-2.81" />
  </g>
  <g c="E24C" x="0.0" y="-812.0" w="265.0" h="1703.0" h-a-x="268" n="flag512thUp">
    <a n="stemUpNW" x="0.0" y="3.32" />
  </g>
  <g c="E24D" x="0.0" y="-939.0" w="300.0" h="1750.0" h-a-x="301" n="flag512thDown">
    <a n="stemDownSW" x="0.0" y="-3.61" />
  </g>
  <g c="E24E" x="0.0" y="-812.0" w="265.0" h="1891.0" h-a-x="272" n="flag1024thUp">
    <a n="stemUpNW" x="0.0" y="4.06" />
  </g>
  <g c="E24F" x="0.0" y="-1202.0" w="301.0" h="1944.0" h-a-x="310" n="flag1024thDown">
    <a n="stemDownSW" x="0.0" y="-4.68" />
  </g>
  <g c="E260" x="0.0" y="-175.0" w="226.0" h="614.0" h-a-x="226" n="accidentalFlat">
    <a n="cutOutNE" x="0.25" y="0.66" />
    <a n="cutOutSE" x="0.5" y="-0.48" />
  </g>
  <g c="E261" x="0.0" y="-335.0" w="168.0" h="676.0" h-a-x="168" n="accidentalNatural">
    <a n="cutOutNE" x="0.19" y="0.78" />
    <a n="cutOutSW" x="0.48" y="-0.83" />
  </g>
  <g c="E262" x="0.0" y="-348.0" w="249.0" h="698.0" h-a-x="249" n="accidentalSharp">
    <a n="cutOutNE" x="0.84" y="0.9" />
    <a n="cutOutNW" x="0.14" y="0.57" />
    <a n="cutOutSE" x="0.84" y="-0.6" />
    <a n="cutOutSW" x="0.14" y="-0.9" />
  </g>
  <g c="E263" x="0.0" y="-125.0" w="247.0" h="252.0" h-a-x="250" n="accidentalDoubleSharp" />
  <g c="E264" x="0.0" y="-175.0" w="411.0" h="612.0" h-a-x="413" n="accidentalDoubleFlat">
    <a n="cutOutNE" x="0.99" y="0.64" />
    <a n="cutOutSE" x="1.34" y="-0.4" />
  </g>
  <g c="E265" x="0.0" y="-348.0" w="513.0" h="698.0" h-a-x="513" n="accidentalTripleSharp">
    <a n="cutOutNE" x="0.86" y="0.92" />
    <a n="cutOutNW" x="0.12" y="0.6" />
    <a n="cutOutSE" x="0.86" y="-0.59" />
    <a n="cutOutSW" x="0.12" y="-0.9" />
  </g>
  <g c="E266" x="0.0" y="-175.0" w="596.0" h="614.0" h-a-x="600" n="accidentalTripleFlat">
    <a n="cutOutNE" x="1.75" y="0.66" />
    <a n="cutOutSE" x="2.05" y="-0.44" />
  </g>
  <g c="E267" x="0.0" y="-335.0" w="459.0" h="774.0" h-a-x="459" n="accidentalNaturalFlat">
    <a n="cutOutNE" x="1.18" y="0.65" />
    <a n="cutOutSE" x="0.75" y="-0.83" />
    <a n="cutOutSW" x="0.44" y="-0.83" />
  </g>
  <g c="E268" x="0.0" y="-348.0" w="481.0" h="698.0" h-a-x="480" n="accidentalNaturalSharp">
    <a n="cutOutNE" x="1.78" y="0.9" />
    <a n="cutOutSE" x="1.78" y="-0.61" />
    <a n="cutOutSW" x="0.45" y="-0.84" />
  </g>
  <g c="E269" x="0.0" y="-348.0" w="519.0" h="698.0" h-a-x="519" n="accidentalSharpSharp">
    <a n="cutOutNE" x="1.93" y="0.9" />
    <a n="cutOutNW" x="0.14" y="0.6" />
    <a n="cutOutSE" x="1.94" y="-0.6" />
    <a n="cutOutSW" x="0.14" y="-0.9" />
  </g>
  <g c="E26A" x="0.0" y="-248.0" w="141.0" h="495.0" h-a-x="141" n="accidentalParensLeft" />
  <g c="E26B" x="0.0" y="-248.0" w="141.0" h="495.0" h-a-x="141" n="accidentalParensRight" />
  <g c="E26C" x="0.0" y="-187.0" w="77.0" h="375.0" h-a-x="77" n="accidentalBracketLeft" />
  <g c="E26D" x="0.0" y="-187.0" w="77.0" h="375.0" h-a-x="77" n="accidentalBracketRight" />
  <g c="E270" x="-42.0" y="-177.0" w="290.0" h="756.0" h-a-x="248" n="accidentalQuarterToneFlatArrowUp">
    <a n="cutOutNE" x="0.6" y="0.66" />
    <a n="cutOutSE" x="0.62" y="-0.45" />
  </g>
  <g c="E271" x="-39.0" y="-418.0" w="290.0" h="860.0" h-a-x="251" n="accidentalThreeQuarterTonesFlatArrowDown">
    <a n="cutOutNE" x="0.36" y="0.65" />
    <a n="cutOutNW" x="0.03" y="-0.8" />
    <a n="cutOutSE" x="0.65" y="-0.5" />
  </g>
  <g c="E272" x="-26.0" y="-340.0" w="238.0" h="887.0" h-a-x="212" n="accidentalQuarterToneSharpNaturalArrowUp">
    <a n="cutOutSW" x="0.62" y="-0.87" />
  </g>
  <g c="E273" x="3.0" y="-543.0" w="247.0" h="879.0" h-a-x="171" n="accidentalQuarterToneFlatNaturalArrowDown">
    <a n="cutOutNE" x="0.23" y="0.79" />
  </g>
  <g c="E274" x="0.0" y="-347.0" w="275.0" h="877.0" h-a-x="249" n="accidentalThreeQuarterTonesSharpArrowUp">
    <a n="cutOutNW" x="0.27" y="1.3" />
    <a n="cutOutSE" x="0.86" y="-0.58" />
    <a n="cutOutSW" x="0.13" y="-0.89" />
  </g>
  <g c="E275" x="-28.0" y="-534.0" w="277.0" h="883.0" h-a-x="249" n="accidentalQuarterToneSharpArrowDown">
    <a n="cutOutNE" x="0.86" y="0.91" />
    <a n="cutOutNW" x="0.13" y="0.61" />
    <a n="cutOutSE" x="0.86" y="-0.59" />
  </g>
  <g c="E280" x="1.0" y="-175.0" w="226.0" h="614.0" h-a-x="227" n="accidentalQuarterToneFlatStein">
    <a n="cutOutNW" x="0.63" y="0.68" />
    <a n="cutOutSW" x="0.34" y="-0.43" />
  </g>
  <g c="E281" x="1.0" y="-175.0" w="465.0" h="614.0" h-a-x="466" n="accidentalThreeQuarterTonesFlatZimmermann">
    <a n="cutOutNE" x="1.22" y="0.67" />
    <a n="cutOutNW" x="0.64" y="0.67" />
  </g>
  <g c="E282" x="0.0" y="-353.0" w="179.0" h="660.0" h-a-x="179" n="accidentalQuarterToneSharpStein">
    <a n="cutOutNE" x="0.48" y="0.75" />
    <a n="cutOutNW" x="0.22" y="0.6" />
    <a n="cutOutSE" x="0.49" y="-0.8" />
    <a n="cutOutSW" x="0.22" y="-0.92" />
  </g>
  <g c="E283" x="3.0" y="-347.0" w="314.0" h="716.0" h-a-x="317" n="accidentalThreeQuarterTonesSharpStein">
    <a n="cutOutNE" x="1.13" y="1.0" />
    <a n="cutOutNW" x="0.14" y="0.6" />
    <a n="cutOutSE" x="1.13" y="-0.5" />
    <a n="cutOutSW" x="0.14" y="-0.9" />
  </g>
  <g c="E440" x="1.0" y="-174.0" w="286.0" h="612.0" h-a-x="287" n="accidentalBuyukMucennebFlat">
    <a n="cutOutSE" x="0.81" y="-0.42" />
    <a n="cutOutSW" x="0.18" y="0.54" />
  </g>
  <g c="E441" x="0.0" y="-175.0" w="226.0" h="614.0" h-a-x="227" n="accidentalKucukMucennebFlat">
    <a n="cutOutNE" x="0.28" y="0.7" />
    <a n="cutOutSE" x="0.58" y="-0.42" />
  </g>
  <g c="E442" x="-1.0" y="-175.0" w="287.0" h="614.0" h-a-x="287" n="accidentalBakiyeFlat">
    <a n="cutOutNE" x="0.54" y="1.39" />
    <a n="cutOutNW" x="0.15" y="1.11" />
    <a n="cutOutSE" x="0.82" y="-0.44" />
    <a n="cutOutSW" x="0.15" y="0.5" />
  </g>
  <g c="E443" x="1.0" y="-175.0" w="226.0" h="614.0" h-a-x="229" n="accidentalKomaFlat">
    <a n="cutOutNW" x="0.61" y="0.72" />
    <a n="cutOutSW" x="0.36" y="-0.45" />
  </g>
  <g c="E444" x="0.0" y="-337.0" w="229.0" h="659.0" h-a-x="231" n="accidentalKomaSharp">
    <a n="cutOutNE" x="0.6" y="0.88" />
    <a n="cutOutNW" x="0.28" y="0.71" />
    <a n="cutOutSE" x="0.6" y="-0.78" />
    <a n="cutOutSW" x="0.28" y="-0.92" />
  </g>
  <g c="E445" x="0.0" y="-348.0" w="249.0" h="698.0" h-a-x="250" n="accidentalBakiyeSharp">
    <a n="cutOutNE" x="0.86" y="0.94" />
    <a n="cutOutNW" x="0.12" y="0.62" />
    <a n="cutOutSE" x="0.86" y="-0.62" />
    <a n="cutOutSW" x="0.12" y="-0.92" />
  </g>
  <g c="E446" x="-1.0" y="-338.0" w="340.0" h="659.0" h-a-x="339" n="accidentalKucukMucennebSharp">
    <a n="cutOutNE" x="0.82" y="0.88" />
    <a n="cutOutNW" x="0.49" y="0.71" />
    <a n="cutOutSE" x="0.84" y="-0.77" />
    <a n="cutOutSW" x="0.5" y="-0.95" />
  </g>
  <g c="E447" x="0.0" y="-350.0" w="341.0" h="698.0" h-a-x="343" n="accidentalBuyukMucennebSharp">
    <a n="cutOutNE" x="1.05" y="0.94" />
    <a n="cutOutNW" x="0.26" y="0.63" />
    <a n="cutOutSE" x="1.05" y="-0.62" />
    <a n="cutOutSW" x="0.26" y="-0.96" />
  </g>
  <g c="E460" x="0.0" y="-472.0" w="300.0" h="629.0" h-a-x="302" n="accidentalKoron">
    <a n="cutOutSE" x="0.26" y="-0.67" />
  </g>
  <g c="E461" x="0.0" y="-318.0" w="421.0" h="646.0" h-a-x="421" n="accidentalSori">
    <a n="cutOutNE" x="1.19" y="0.39" />
    <a n="cutOutNW" x="0.26" y="0.83" />
    <a n="cutOutSE" x="1.19" y="-0.4" />
    <a n="cutOutSW" x="0.26" y="-0.82" />
  </g>
  <g c="E4A0" x="0.0" y="1.0" w="339.0" h="244.0" h-a-x="339" n="articAccentAbove" />
  <g c="E4A1" x="0.0" y="-244.0" w="339.0" h="244.0" h-a-x="339" n="articAccentBelow" />
  <g c="E4A2" x="0.0" y="0.0" w="84.0" h="84.0" h-a-x="84" n="articStaccatoAbove" />
  <g c="E4A3" x="0.0" y="-84.0" w="84.0" h="84.0" h-a-x="84" n="articStaccatoBelow" />
  <g c="E4A4" x="-1.0" y="0.0" w="339.0" h="48.0" h-a-x="338" n="articTenutoAbove" />
  <g c="E4A5" x="-1.0" y="-48.0" w="339.0" h="48.0" h-a-x="338" n="articTenutoBelow" />
  <g c="E4A6" x="1.0" y="-2.0" w="99.0" h="295.0" h-a-x="102" n="articStaccatissimoAbove" />
  <g c="E4A7" x="1.0" y="-295.0" w="99.0" h="295.0" h-a-x="102" n="articStaccatissimoBelow" />
  <g c="E4A8" x="1.0" y="0.0" w="88.0" h="290.0" h-a-x="89" n="articStaccatissimoWedgeAbove" />
  <g c="E4A9" x="1.0" y="-290.0" w="88.0" h="290.0" h-a-x="89" n="articStaccatissimoWedgeBelow" />
  <g c="E4AA" x="0.0" y="0.0" w="48.0" h="290.0" h-a-x="48" n="articStaccatissimoStrokeAbove" />
  <g c="E4AB" x="0.0" y="-290.0" w="48.0" h="290.0" h-a-x="48" n="articStaccatissimoStrokeBelow" />
  <g c="E4AC" x="-1.0" y="-1.0" w="236.0" h="254.0" h-a-x="236" n="articMarcatoAbove" />
  <g c="E4AD" x="-1.0" y="-254.0" w="236.0" h="254.0" h-a-x="236" n="articMarcatoBelow" />
  <g c="E4AE" x="-1.0" y="0.0" w="236.0" h="443.0" h-a-x="236" n="articMarcatoStaccatoAbove" />
  <g c="E4AF" x="-1.0" y="-453.0" w="236.0" h="453.0" h-a-x="236" n="articMarcatoStaccatoBelow" />
  <g c="E4B0" x="0.0" y="0.0" w="339.0" h="420.0" h-a-x="340" n="articAccentStaccatoAbove" />
  <g c="E4B1" x="-1.0" y="-411.0" w="339.0" h="411.0" h-a-x="339" n="articAccentStaccatoBelow" />
  <g c="E4B2" x="-1.0" y="0.0" w="339.0" h="240.0" h-a-x="339" n="articTenutoStaccatoAbove" />
  <g c="E4B3" x="-1.0" y="-242.0" w="339.0" h="242.0" h-a-x="338" n="articTenutoStaccatoBelow" />
  <g c="E4B4" x="-1.0" y="0.0" w="340.0" h="345.0" h-a-x="339" n="articTenutoAccentAbove" />
  <g c="E4B5" x="-1.0" y="-345.0" w="340.0" h="345.0" h-a-x="339" n="articTenutoAccentBelow" />
  <g c="E4B6" x="0.0" y="5.0" w="233.0" h="232.0" h-a-x="235" n="articStressAbove" />
  <g c="E4B7" x="4.0" y="-234.0" w="232.0" h="234.0" h-a-x="238" n="articStressBelow" />
  <g c="E4B8" x="0.0" y="0.0" w="382.0" h="207.0" h-a-x="382" n="articUnstressAbove" />
  <g c="E4B9" x="1.0" y="-207.0" w="382.0" h="207.0" h-a-x="383" n="articUnstressBelow" />
  <g c="E4BA" x="1.0" y="1.0" w="366.0" h="143.0" h-a-x="367" n="articLaissezVibrerAbove" />
  <g c="E4BB" x="0.0" y="-143.0" w="365.0" h="143.0" h-a-x="365" n="articLaissezVibrerBelow" />
  <g c="E4BC" x="-1.0" y="0.0" w="339.0" h="427.0" h-a-x="338" n="articMarcatoTenutoAbove" />
  <g c="E4BD" x="-1.0" y="-429.0" w="339.0" h="429.0" h-a-x="338" n="articMarcatoTenutoBelow" />
  <g c="E4C0" x="3.0" y="-3.0" w="602.0" h="332.0" h-a-x="605" n="fermataAbove" />
  <g c="E4C1" x="3.0" y="-332.0" w="602.0" h="332.0" h-a-x="605" n="fermataBelow" />
  <g c="E4C2" x="0.0" y="0.0" w="726.0" h="449.0" h-a-x="735" n="fermataVeryShortAbove" />
  <g c="E4C3" x="0.0" y="-449.0" w="726.0" h="449.0" h-a-x="735" n="fermataVeryShortBelow" />
  <g c="E4C4" x="0.0" y="0.0" w="604.0" h="341.0" h-a-x="603" n="fermataShortAbove" />
  <g c="E4C5" x="0.0" y="-341.0" w="604.0" h="341.0" h-a-x="603" n="fermataShortBelow" />
  <g c="E4C6" x="0.0" y="-1.0" w="603.0" h="334.0" h-a-x="605" n="fermataLongAbove" />
  <g c="E4C7" x="0.0" y="-333.0" w="603.0" h="334.0" h-a-x="605" n="fermataLongBelow" />
  <g c="E4C8" x="0.0" y="0.0" w="715.0" h="408.0" h-a-x="716" n="fermataVeryLongAbove" />
  <g c="E4C9" x="0.0" y="-408.0" w="715.0" h="408.0" h-a-x="716" n="fermataVeryLongBelow" />
  <g c="E4CE" x="1.0" y="2.0" w="151.0" h="249.0" h-a-x="153" n="breathMarkComma" />
  <g c="E4D1" x="0.0" y="-1.0" w="384.0" h="533.0" h-a-x="385" n="caesura" />
  <g c="E4D2" x="0.0" y="0.0" w="663.0" h="532.0" h-a-x="663" n="caesuraThick" />
  <g c="E4D3" x="0.0" y="0.0" w="186.0" h="533.0" h-a-x="185" n="caesuraShort" />
  <g c="E4D4" x="0.0" y="0.0" w="373.0" h="530.0" h-a-x="373" n="caesuraCurved" />
  <g c="E4E0" x="0.0" y="-249.0" w="381.0" h="499.0" h-a-x="381" n="restMaxima" />
  <g c="E4E1" x="0.0" y="-249.0" w="125.0" h="499.0" h-a-x="125" n="restLonga" />
  <g c="E4E2" x="0.0" y="0.0" w="125.0" h="250.0" h-a-x="126" n="restDoubleWhole" />
  <g c="E4E3" x="0.0" y="-135.0" w="282.0" h="144.0" h-a-x="283" n="restWhole" />
  <g c="E4E4" x="0.0" y="-2.0" w="282.0" h="144.0" h-a-x="283" n="restHalf" />
  <g c="E4E5" x="1.0" y="-375.0" w="269.0" h="748.0" h-a-x="270" n="restQuarter" />
  <g c="E4E6" x="0.0" y="-251.0" w="247.0" h="425.0" h-a-x="250" n="rest8th" />
  <g c="E4E7" x="0.0" y="-500.0" w="320.0" h="679.0" h-a-x="320" n="rest16th" />
  <g c="E4E8" x="0.0" y="-500.0" w="363.0" h="926.0" h-a-x="363" n="rest32nd" />
  <g c="E4E9" x="0.0" y="-753.0" w="423.0" h="1183.0" h-a-x="424" n="rest64th" />
  <g c="E4EA" x="0.0" y="-750.0" w="485.0" h="1439.0" h-a-x="485" n="rest128th" />
  <g c="E4EB" x="0.0" y="-1000.0" w="541.0" h="1696.0" h-a-x="541" n="rest256th" />
  <g c="E4EC" x="0.0" y="-1000.0" w="604.0" h="1944.0" h-a-x="604" n="rest512th" />
  <g c="E4ED" x="0.0" y="-993.0" w="668.0" h="2190.0" h-a-x="668" n="rest1024th" />
  <g c="E4F2" x="0.0" y="-251.0" w="247.0" h="425.0" h-a-x="250" n="restQuarterOld" />
  <g c="E4F6" x="0.0" y="-214.0" w="250.0" h="428.0" h-a-x="250" n="restQuarterZ" />
  <g c="E500" x="0.0" y="-250.0" w="532.0" h="529.0" h-a-x="533" n="repeat1Bar" />
  <g c="E501" x="0.0" y="-250.0" w="762.0" h="529.0" h-a-x="761" n="repeat2Bars" />
  <g c="E502" x="0.0" y="-250.0" w="1232.0" h="529.0" h-a-x="1233" n="repeat4Bars" />
  <g c="E503" x="0.0" y="75.0" w="125.0" h="125.0" h-a-x="125" n="repeatBarUpperDot" />
  <g c="E504" x="0.0" y="-250.0" w="532.0" h="529.0" h-a-x="532" n="repeatBarSlash" />
  <g c="E505" x="0.0" y="-174.0" w="125.0" h="125.0" h-a-x="124" n="repeatBarLowerDot" />
  <g c="E510" x="0.0" y="-10.0" w="386.0" h="473.0" h-a-x="386" n="ottava" />
  <g c="E511" x="0.0" y="-10.0" w="885.0" h="473.0" h-a-x="885" n="ottavaAlta" />
  <g c="E512" x="0.0" y="-10.0" w="839.0" h="473.0" h-a-x="839" n="ottavaBassa" />
  <g c="E513" x="0.0" y="-10.0" w="875.0" h="473.0" h-a-x="875" n="ottavaBassaBa" />
  <g c="E514" x="0.0" y="-10.0" w="667.0" h="471.0" h-a-x="667" n="quindicesima" />
  <g c="E515" x="0.0" y="-10.0" w="1315.0" h="471.0" h-a-x="1315" n="quindicesimaAlta" />
  <g c="E516" x="0.0" y="-10.0" w="1285.0" h="471.0" h-a-x="1285" n="quindicesimaBassa" />
  <g c="E517" x="4.0" y="-7.0" w="746.0" h="470.0" h-a-x="750" n="ventiduesima" />
  <g c="E518" x="4.0" y="-7.0" w="1424.0" h="470.0" h-a-x="1428" n="ventiduesimaAlta" />
  <g c="E519" x="4.0" y="-7.0" w="1374.0" h="470.0" h-a-x="1378" n="ventiduesimaBassa" />
  <g c="E51A" x="0.0" y="-17.0" w="163.0" h="501.0" h-a-x="137" n="octaveParensLeft" />
  <g c="E51B" x="-26.0" y="-17.0" w="163.0" h="501.0" h-a-x="137" n="octaveParensRight" />
  <g c="E51C" x="0.0" y="-10.0" w="796.0" h="473.0" h-a-x="796" n="ottavaBassaVb" />
  <g c="E51D" x="0.0" y="-10.0" w="1232.0" h="471.0" h-a-x="1231" n="quindicesimaBassaMb" />
  <g c="E51E" x="4.0" y="-7.0" w="1331.0" h="470.0" h-a-x="1335" n="ventiduesimaBassaMb" />
  <g c="E520" x="-89.0" y="-142.0" w="455.0" h="416.0" h-a-x="365" n="dynamicPiano">
    <a n="opticalCenter" x="1.22" y="0.0" />
  </g>
  <g c="E521" x="-20.0" y="-10.0" w="466.0" h="284.0" h-a-x="437" n="dynamicMezzo">
    <a n="opticalCenter" x="0.87" y="0.0" />
  </g>
  <g c="E522" x="-141.0" y="-152.0" w="505.0" h="596.0" h-a-x="364" n="dynamicForte">
    <a n="opticalCenter" x="1.26" y="0.0" />
  </g>
  <g c="E523" x="-20.0" y="0.0" w="297.0" h="274.0" h-a-x="277" n="dynamicRinforzando">
    <a n="opticalCenter" x="0.61" y="0.0" />
  </g>
  <g c="E524" x="0.0" y="-10.0" w="229.0" h="283.0" h-a-x="229" n="dynamicSforzando">
    <a n="opticalCenter" x="0.44" y="0.0" />
  </g>
  <g c="E525" x="-30.0" y="-10.0" w="274.0" h="278.0" h-a-x="244" n="dynamicZ">
    <a n="opticalCenter" x="0.5" y="0.0" />
  </g>
  <g c="E526" x="-23.0" y="-10.0" w="331.0" h="284.0" h-a-x="308" n="dynamicNiente">
    <a n="opticalCenter" x="0.62" y="0.0" />
  </g>
  <g c="E527" x="-102.0" y="-142.0" w="2230.0" h="416.0" h-a-x="2124" n="dynamicPPPPPP">
    <a n="opticalCenter" x="4.25" y="0.0" />
  </g>
  <g c="E528" x="-102.0" y="-142.0" w="1875.0" h="416.0" h-a-x="1776" n="dynamicPPPPP">
    <a n="opticalCenter" x="3.55" y="0.0" />
  </g>
  <g c="E529" x="-102.0" y="-142.0" w="1520.0" h="416.0" h-a-x="1417" n="dynamicPPPP">
    <a n="opticalCenter" x="3.0" y="0.0" />
  </g>
  <g c="E52A" x="-92.0" y="-142.0" w="1165.0" h="416.0" h-a-x="1072" n="dynamicPPP">
    <a n="opticalCenter" x="2.37" y="0.0" />
  </g>
  <g c="E52B" x="-82.0" y="-142.0" w="810.0" h="416.0" h-a-x="727" n="dynamicPP">
    <a n="opticalCenter" x="1.71" y="0.0" />
  </g>
  <g c="E52C" x="-20.0" y="-142.0" w="845.0" h="416.0" h-a-x="826" n="dynamicMP">
    <a n="opticalCenter" x="1.85" y="0.0" />
  </g>
  <g c="E52D" x="-20.0" y="-165.0" w="838.0" h="596.0" h-a-x="797" n="dynamicMF">
    <a n="opticalCenter" x="1.8" y="0.0" />
  </g>
  <g c="E52E" x="-72.0" y="-152.0" w="842.0" h="596.0" h-a-x="770" n="dynamicPF">
    <a n="opticalCenter" x="1.68" y="0.0" />
  </g>
  <g c="E52F" x="-135.0" y="-152.0" w="745.0" h="596.0" h-a-x="609" n="dynamicFF">
    <a n="opticalCenter" x="1.85" y="0.0" />
  </g>
  <g c="E530" x="-155.0" y="-152.0" w="985.0" h="596.0" h-a-x="831" n="dynamicFFF">
    <a n="opticalCenter" x="2.47" y="0.0" />
  </g>
  <g c="E531" x="-155.0" y="-152.0" w="1225.0" h="596.0" h-a-x="1070" n="dynamicFFFF">
    <a n="opticalCenter" x="2.82" y="0.0" />
  </g>
  <g c="E532" x="-155.0" y="-152.0" w="1465.0" h="596.0" h-a-x="1310" n="dynamicFFFFF">
    <a n="opticalCenter" x="2.98" y="0.0" />
  </g>
  <g c="E533" x="-155.0" y="-152.0" w="1705.0" h="596.0" h-a-x="1550" n="dynamicFFFFFF">
    <a n="opticalCenter" x="3.5" y="0.0" />
  </g>
  <g c="E534" x="-141.0" y="-152.0" w="760.0" h="596.0" h-a-x="619" n="dynamicFortePiano">
    <a n="opticalCenter" x="1.5" y="0.0" />
  </g>
  <g c="E535" x="-141.0" y="-152.0" w="638.0" h="596.0" h-a-x="497" n="dynamicForzando">
    <a n="opticalCenter" x="1.35" y="0.0" />
  </g>
  <g c="E536" x="0.0" y="-152.0" w="604.0" h="596.0" h-a-x="604" n="dynamicSforzando1">
    <a n="opticalCenter" x="1.3" y="0.0" />
  </g>
  <g c="E537" x="0.0" y="-152.0" w="845.0" h="596.0" h-a-x="846" n="dynamicSforzandoPiano">
    <a n="opticalCenter" x="1.9" y="0.0" />
  </g>
  <g c="E538" x="0.0" y="-152.0" w="1199.0" h="596.0" h-a-x="1198" n="dynamicSforzandoPianissimo">
    <a n="opticalCenter" x="1.97" y="0.0" />
  </g>
  <g c="E539" x="0.0" y="-152.0" w="733.0" h="596.0" h-a-x="732" n="dynamicSforzato">
    <a n="opticalCenter" x="1.76" y="0.0" />
  </g>
  <g c="E53A" x="0.0" y="-152.0" w="1076.0" h="596.0" h-a-x="1075" n="dynamicSforzatoPiano">
    <a n="opticalCenter" x="1.85" y="0.0" />
  </g>
  <g c="E53B" x="0.0" y="-152.0" w="964.0" h="596.0" h-a-x="964" n="dynamicSforzatoFF">
    <a n="opticalCenter" x="2.28" y="0.0" />
  </g>
  <g c="E53C" x="-20.0" y="-152.0" w="645.0" h="596.0" h-a-x="625" n="dynamicRinforzando1">
    <a n="opticalCenter" x="1.56" y="0.0" />
  </g>
  <g c="E53D" x="-20.0" y="-152.0" w="764.0" h="596.0" h-a-x="744" n="dynamicRinforzando2">
    <a n="opticalCenter" x="2.08" y="0.0" />
  </g>
  <g c="E550" x="-40.0" y="-143.0" w="445.0" h="143.0" h-a-x="365" n="lyricsElisionNarrow" />
  <g c="E551" x="-80.0" y="-143.0" w="625.0" h="143.0" h-a-x="465" n="lyricsElision" />
  <g c="E552" x="-80.0" y="-143.0" w="825.0" h="143.0" h-a-x="666" n="lyricsElisionWide" />
  <g c="E566" x="0.0" y="-10.0" w="521.0" h="400.0" h-a-x="521" n="ornamentTrill" />
  <g c="E567" x="0.0" y="0.0" w="460.0" h="218.0" h-a-x="460" n="ornamentTurn" />
  <g c="E568" x="-3.0" y="0.0" w="460.0" h="218.0" h-a-x="457" n="ornamentTurnInverted" />
  <g c="E569" x="0.0" y="-90.0" w="460.0" h="396.0" h-a-x="460" n="ornamentTurnSlash" />
  <g c="E56A" x="0.0" y="0.0" w="218.0" h="460.0" h-a-x="218" n="ornamentTurnUp" />
  <g c="E56B" x="-3.0" y="0.0" w="218.0" h="460.0" h-a-x="217" n="ornamentTurnUpS" />
  <g c="E56C" x="0.0" y="0.0" w="725.0" h="245.0" h-a-x="730" n="ornamentShortTrill" />
  <g c="E56D" x="1.0" y="-73.0" w="728.0" h="392.0" h-a-x="729" n="ornamentMordent" />
  <g c="E56E" x="1.0" y="0.0" w="984.0" h="244.0" h-a-x="985" n="ornamentTremblement" />
  <g c="E56F" x="0.0" y="-40.0" w="499.0" h="253.0" h-a-x="500" n="ornamentHaydn" />
  <g c="E583" x="1.0" y="109.0" w="24.0" h="280.0" h-a-x="27" n="ornamentVerticalLine" />
  <g c="E587" x="0.0" y="0.0" w="1143.0" h="660.0" h-a-x="1143" n="ornamentSchleifer" />
  <g c="E59D" x="-52.0" y="0.0" w="337.0" h="245.0" h-a-x="262" n="ornamentZigZagLineNoRightEnd">
    <a n="repeatOffset" x="1.05" y="0.0" />
  </g>
  <g c="E59E" x="-54.0" y="0.0" w="460.0" h="245.0" h-a-x="357" n="ornamentZigZagLineWithRightEnd">
    <a n="repeatOffset" x="1.43" y="0.0" />
  </g>
  <g c="E5B0" x="0.0" y="0.0" w="1108.0" h="308.0" h-a-x="1108" n="ornamentPrecompSlide" />
  <g c="E5B1" x="0.0" y="-185.0" w="1129.0" h="429.0" h-a-x="1128" n="ornamentPrecompDescendingSlide" />
  <g c="E5B2" x="0.0" y="0.0" w="1119.0" h="481.0" h-a-x="1119" n="ornamentPrecompAppoggTrill" />
  <g c="E5B3" x="0.0" y="0.0" w="876.0" h="619.0" h-a-x="876" n="ornamentPrecompAppoggTrillSuffix" />
  <g c="E5B4" x="0.0" y="0.0" w="1494.0" h="510.0" h-a-x="1495" n="ornamentPrecompTurnTrillDAnglebert" />
  <g c="E5B5" x="2.0" y="-367.0" w="1148.0" h="612.0" h-a-x="1150" n="ornamentPrecompSlideTrillDAnglebert" />
  <g c="E5B6" x="0.0" y="-367.0" w="1112.0" h="748.0" h-a-x="1112" n="ornamentPrecompSlideTrillMarpurg" />
  <g c="E5B7" x="0.0" y="-62.0" w="1474.0" h="407.0" h-a-x="1473" n="ornamentPrecompTurnTrillBach" />
  <g c="E5B8" x="0.0" y="-367.0" w="1048.0" h="698.0" h-a-x="1048" n="ornamentPrecompSlideTrillBach" />
  <g c="E5B9" x="4.0" y="-197.0" w="1407.0" h="701.0" h-a-x="1410" n="ornamentPrecompSlideTrillMuffat" />
  <g c="E5BA" x="0.0" y="-196.0" w="1082.0" h="577.0" h-a-x="1082" n="ornamentPrecompSlideTrillSuffixMuffat" />
  <g c="E5BB" x="0.0" y="0.0" w="949.0" h="381.0" h-a-x="949" n="ornamentPrecompTrillSuffixDandrieu" />
  <g c="E5BC" x="0.0" y="-62.0" w="1305.0" h="392.0" h-a-x="1306" n="ornamentPrecompPortDeVoixMordent" />
  <g c="E5BD" x="0.0" y="-62.0" w="990.0" h="395.0" h-a-x="990" n="ornamentPrecompTrillWithMordent" />
  <g c="E5BE" x="0.0" y="0.0" w="1106.0" h="291.0" h-a-x="1106" n="ornamentPrecompCadence" />
  <g c="E5BF" x="0.0" y="-62.0" w="1106.0" h="395.0" h-a-x="1106" n="ornamentPrecompCadenceWithTurn" />
  <g c="E5C0" x="0.0" y="0.0" w="1369.0" h="291.0" h-a-x="1369" n="ornamentPrecompDoubleCadenceLowerPrefix" />
  <g c="E5C1" x="0.0" y="0.0" w="1013.0" h="247.0" h-a-x="1013" n="ornamentPrecompCadenceUpperPrefix" />
  <g c="E5C2" x="0.0" y="-62.0" w="1013.0" h="395.0" h-a-x="1013" n="ornamentPrecompCadenceUpperPrefixTurn" />
  <g c="E5C3" x="0.0" y="0.0" w="1278.0" h="247.0" h-a-x="1278" n="ornamentPrecompDoubleCadenceUpperPrefix" />
  <g c="E5C4" x="0.0" y="-62.0" w="1277.0" h="395.0" h-a-x="1277" n="ornamentPrecompDoubleCadenceUpperPrefixTurn" />
  <g c="E5C5" x="0.0" y="0.0" w="693.0" h="384.0" h-a-x="693" n="ornamentPrecompMordentRelease" />
  <g c="E5C6" x="0.0" y="0.0" w="1223.0" h="391.0" h-a-x="1223" n="ornamentPrecompMordentUpperPrefix" />
  <g c="E5C7" x="0.0" y="-62.0" w="1222.0" h="452.0" h-a-x="1222" n="ornamentPrecompInvertedMordentUpperPrefix" />
  <g c="E5C8" x="0.0" y="-222.0" w="859.0" h="468.0" h-a-x="859" n="ornamentPrecompTrillLowerSuffix" />
  <g c="E5E5" x="0.0" y="0.0" w="272.0" h="272.0" h-a-x="272" n="brassMuteClosed" />
  <g c="E5E6" x="1.0" y="0.0" w="304.0" h="304.0" h-a-x="305" n="brassMuteHalfClosed" />
  <g c="E5E7" x="0.0" y="0.0" w="304.0" h="304.0" h-a-x="305" n="brassMuteOpen" />
  <g c="E610" x="0.0" y="0.0" w="312.0" h="318.0" h-a-x="312" n="stringsDownBow" />
  <g c="E611" x="0.0" y="0.0" w="312.0" h="318.0" h-a-x="312" n="stringsDownBowTurned" />
  <g c="E612" x="1.0" y="1.0" w="248.0" h="494.0" h-a-x="250" n="stringsUpBow" />
  <g c="E613" x="1.0" y="1.0" w="248.0" h="494.0" h-a-x="250" n="stringsUpBowTurned" />
  <g c="E614" x="0.0" y="0.0" w="200.0" h="200.0" h-a-x="200" n="stringsHarmonic" />
  <g c="E630" x="0.0" y="0.0" w="200.0" h="300.0" h-a-x="200" n="pluckedSnapPizzicatoBelow" />
  <g c="E631" x="0.0" y="0.0" w="200.0" h="300.0" h-a-x="200" n="pluckedSnapPizzicatoAbove" />
  <g c="E632" x="0.0" y="0.0" w="300.0" h="200.0" h-a-x="300" n="pluckedBuzzPizzicato" />
  <g c="E633" x="0.0" y="0.0" w="272.0" h="272.0" h-a-x="272" n="pluckedLeftHandPizzicato" />
  <g c="E636" x="1.0" y="-1.0" w="397.0" h="251.0" h-a-x="398" n="pluckedWithFingernails" />
  <g c="E637" x="-1.0" y="0.0" w="251.0" h="399.0" h-a-x="250" n="pluckedFingernailFlick" />
  <g c="E638" x="0.0" y="0.0" w="324.0" h="324.0" h-a-x="325" n="pluckedDamp" />
  <g c="E639" x="0.0" y="0.0" w="346.0" h="345.0" h-a-x="347" n="pluckedDampAll" />
  <g c="E645" x="-161.0" y="-1.0" w="322.0" h="322.0" h-a-x="161" n="vocalSprechgesang" />
  <g c="E650" x="0.0" y="-8.0" w="1019.0" h="563.0" h-a-x="1019" n="keyboardPedalPed" />
  <g c="E651" x="0.0" y="-8.0" w="500.0" h="563.0" h-a-x="493" n="keyboardPedalP" />
  <g c="E655" x="0.0" y="0.0" w="450.0" h="450.0" h-a-x="450" n="keyboardPedalUp" />
  <g c="E659" x="0.0" y="-15.0" w="1107.0" h="606.0" h-a-x="1107" n="keyboardPedalSost" />
  <g c="E65A" x="0.0" y="-15.0" w="419.0" h="606.0" h-a-x="419" n="keyboardPedalS" />
  <g c="E770" x="0.0" y="-4.0" w="230.0" h="743.0" h-a-x="230" n="pictBeaterSoftXylophoneUp" />
  <g c="E771" x="0.0" y="-4.0" w="230.0" h="743.0" h-a-x="230" n="pictBeaterSoftXylophoneDown" />
  <g c="E772" x="0.0" y="-1.0" w="436.0" h="661.0" h-a-x="437" n="pictBeaterSoftXylophoneRight" />
  <g c="E773" x="0.0" y="-1.0" w="436.0" h="661.0" h-a-x="436" n="pictBeaterSoftXylophoneLeft" />
  <g c="E774" x="1.0" y="-1.0" w="230.0" h="743.0" h-a-x="234" n="pictBeaterMediumXylophoneUp" />
  <g c="E775" x="1.0" y="-1.0" w="230.0" h="743.0" h-a-x="234" n="pictBeaterMediumXylophoneDown" />
  <g c="E776" x="1.0" y="0.0" w="436.0" h="661.0" h-a-x="441" n="pictBeaterMediumXylophoneRight" />
  <g c="E777" x="1.0" y="0.0" w="436.0" h="661.0" h-a-x="437" n="pictBeaterMediumXylophoneLeft" />
  <g c="E778" x="0.0" y="-1.0" w="230.0" h="743.0" h-a-x="230" n="pictBeaterHardXylophoneUp" />
  <g c="E779" x="0.0" y="-1.0" w="230.0" h="743.0" h-a-x="230" n="pictBeaterHardXylophoneDown" />
  <g c="E77A" x="0.0" y="0.0" w="436.0" h="661.0" h-a-x="435" n="pictBeaterHardXylophoneRight" />
  <g c="E77B" x="-2.0" y="0.0" w="436.0" h="661.0" h-a-x="435" n="pictBeaterHardXylophoneLeft" />
  <g c="E77C" x="0.0" y="0.0" w="230.0" h="743.0" h-a-x="230" n="pictBeaterWoodXylophoneUp" />
  <g c="E77D" x="0.0" y="0.0" w="230.0" h="743.0" h-a-x="230" n="pictBeaterWoodXylophoneDown" />
  <g c="E77E" x="0.0" y="1.0" w="437.0" h="661.0" h-a-x="438" n="pictBeaterWoodXylophoneRight" />
  <g c="E77F" x="0.0" y="1.0" w="437.0" h="661.0" h-a-x="437" n="pictBeaterWoodXylophoneLeft" />
  <g c="E7D1" x="1.0" y="0.0" w="140.0" h="732.0" h-a-x="142" n="pictBeaterSnareSticksUp" />
  <g c="E7D2" x="1.0" y="0.0" w="140.0" h="732.0" h-a-x="142" n="pictBeaterSnareSticksDown" />
  <g c="E7E3" x="0.0" y="0.0" w="517.0" h="744.0" h-a-x="519" n="pictBeaterHand" />
  <g c="E7E4" x="0.0" y="0.0" w="517.0" h="710.0" h-a-x="519" n="pictBeaterFinger" />
  <g c="E7E5" x="0.0" y="0.0" w="509.0" h="430.0" h-a-x="511" n="pictBeaterFist" />
  <g c="E880" x="-0.3" y="-8.0" w="318.58" h="383.0" h-a-x="319" n="tuplet0" />
  <g c="E881" x="10.0" y="0.0" w="246.0" h="372.0" h-a-x="246" n="tuplet1" />
  <g c="E882" x="10.0" y="-6.0" w="319.0" h="381.0" h-a-x="319" n="tuplet2" />
  <g c="E883" x="10.0" y="-8.0" w="296.0" h="383.0" h-a-x="296" n="tuplet3" />
  <g c="E884" x="10.0" y="0.0" w="303.0" h="372.0" h-a-x="303" n="tuplet4" />
  <g c="E885" x="10.0" y="-8.0" w="317.0" h="381.0" h-a-x="317" n="tuplet5" />
  <g c="E886" x="10.26" y="-8.0" w="303.74" h="383.0" h-a-x="304" n="tuplet6" />
  <g c="E887" x="30.0" y="-4.0" w="303.0" h="376.0" h-a-x="303" n="tuplet7" />
  <g c="E888" x="10.0" y="-8.0" w="313.0" h="383.0" h-a-x="313" n="tuplet8" />
  <g c="E889" x="10.0" y="-8.0" w="303.74" h="383.0" h-a-x="304" n="tuplet9" />
  <g c="E88A" x="10.0" y="58.0" w="111.0" h="210.0" h-a-x="111" n="tupletColon" />
  <g c="E8F3" x="0.0" y="250.0" w="16.0" h="250.0" h-a-x="16" n="chantDivisioMinima" />
  <g c="E8F4" x="0.0" y="-250.0" w="16.0" h="500.0" h-a-x="16" n="chantDivisioMaior" />
  <g c="E8F5" x="0.0" y="-375.0" w="16.0" h="750.0" h-a-x="16" n="chantDivisioMaxima" />
  <g c="E8F6" x="0.0" y="-375.0" w="120.0" h="750.0" h-a-x="119" n="chantDivisioFinalis" />
  <g c="E8F7" x="0.0" y="255.0" w="91.0" h="245.0" h-a-x="91" n="chantVirgula" />
  <g c="E8F8" x="0.0" y="260.0" w="143.0" h="240.0" h-a-x="143" n="chantCaesura" />
  <g c="E901" x="0.0" y="-169.0" w="339.0" h="1091.0" h-a-x="339" n="mensuralGclefPetrucci" />
  <g c="E902" x="0.0" y="-231.0" w="264.0" h="452.0" h-a-x="264" n="chantFclef" />
  <g c="E903" x="0.0" y="-172.0" w="297.0" h="344.0" h-a-x="298" n="mensuralFclef" />
  <g c="E904" x="0.0" y="-1069.0" w="488.0" h="1660.0" h-a-x="488" n="mensuralFclefPetrucci" />
  <g c="E905" x="0.0" y="-500.0" w="650.0" h="1000.0" h-a-x="650" n="mensuralCclef" />
  <g c="E906" x="0.0" y="-221.0" w="134.0" h="442.0" h-a-x="134" n="chantCclef" />
  <g c="E907" x="0.0" y="-349.0" w="244.0" h="1149.0" h-a-x="244" n="mensuralCclefPetrucciPosLowest" />
  <g c="E908" x="0.0" y="-600.0" w="244.0" h="1400.0" h-a-x="244" n="mensuralCclefPetrucciPosLow" />
  <g c="E909" x="0.0" y="-800.0" w="244.0" h="1600.0" h-a-x="244" n="mensuralCclefPetrucciPosMiddle" />
  <g c="E90A" x="0.0" y="-800.0" w="244.0" h="1400.0" h-a-x="244" n="mensuralCclefPetrucciPosHigh" />
  <g c="E90B" x="0.0" y="-795.0" w="244.0" h="1149.0" h-a-x="244" n="mensuralCclefPetrucciPosHighest" />
  <g c="E910" x="1.0" y="-266.0" w="531.0" h="531.0" h-a-x="532" n="mensuralProlation1" />
  <g c="E911" x="1.0" y="-266.0" w="531.0" h="531.0" h-a-x="532" n="mensuralProlation2" />
  <g c="E912" x="1.0" y="-380.0" w="531.0" h="743.0" h-a-x="532" n="mensuralProlation3" />
  <g c="E913" x="0.0" y="-380.0" w="531.0" h="743.0" h-a-x="531" n="mensuralProlation4" />
  <g c="E914" x="0.0" y="-266.0" w="494.0" h="531.0" h-a-x="495" n="mensuralProlation5" />
  <g c="E915" x="0.0" y="-266.0" w="494.0" h="531.0" h-a-x="495" n="mensuralProlation6" />
  <g c="E916" x="-3.0" y="-250.0" w="495.0" h="531.0" h-a-x="492" n="mensuralProlation7" />
  <g c="E917" x="1.0" y="-380.0" w="494.0" h="743.0" h-a-x="493" n="mensuralProlation8" />
  <g c="E918" x="1.0" y="-380.0" w="494.0" h="743.0" h-a-x="495" n="mensuralProlation9" />
  <g c="E919" x="0.0" y="-380.0" w="495.0" h="743.0" h-a-x="500" n="mensuralProlation10" />
  <g c="E91A" x="0.0" y="-267.0" w="495.0" h="531.0" h-a-x="494" n="mensuralProlation11" />
  <g c="E91B" x="0.0" y="-276.0" w="547.0" h="551.0" h-a-x="547" n="mensuralProportionTempusPerfectum" />
  <g c="E91C" x="0.0" y="-266.0" w="743.0" h="531.0" h-a-x="743" n="mensuralProportionProportioDupla1" />
  <g c="E91D" x="0.0" y="-269.0" w="540.0" h="539.0" h-a-x="540" n="mensuralProportionProportioDupla2" />
  <g c="E91E" x="0.0" y="-269.0" w="540.0" h="539.0" h-a-x="540" n="mensuralProportionProportioTripla" />
  <g c="E91F" x="0.0" y="-270.0" w="539.0" h="539.0" h-a-x="539" n="mensuralProportionProportioQuadrupla" />
  <g c="E920" x="0.0" y="-63.0" w="125.0" h="125.0" h-a-x="125" n="mensuralProlationCombiningDot" />
  <g c="E921" x="0.0" y="-52.0" w="266.0" h="104.0" h-a-x="266" n="mensuralProlationCombiningTwoDots" />
  <g c="E922" x="0.0" y="-49.0" w="362.0" h="98.0" h-a-x="362" n="mensuralProlationCombiningThreeDots" />
  <g c="E923" x="0.0" y="-125.0" w="266.0" h="251.0" h-a-x="266" n="mensuralProlationCombiningThreeDotsTri" />
  <g c="E924" x="0.0" y="-162.0" w="324.0" h="324.0" h-a-x="324" n="mensuralProlationCombiningDotVoid" />
  <g c="E925" x="0.0" y="-371.0" w="48.0" h="743.0" h-a-x="48" n="mensuralProlationCombiningStroke" />
  <g c="E938" x="0.0" y="-141.0" w="282.0" h="282.0" h-a-x="282" n="mensuralNoteheadSemibrevisBlack" />
  <g c="E939" x="1.0" y="-141.0" w="282.0" h="282.0" h-a-x="283" n="mensuralNoteheadSemibrevisVoid" />
  <g c="E93C" x="0.0" y="-184.0" w="320.0" h="369.0" h-a-x="320" n="mensuralNoteheadMinimaWhite">
    <a n="stemDownNW" x="0.0" y="0.0" />
    <a n="stemUpSE" x="1.28" y="0.0" />
  </g>
  <g c="E93D" x="0.0" y="-184.0" w="320.0" h="369.0" h-a-x="320" n="mensuralNoteheadSemiminimaWhite" />
  <g c="E93E" x="0.0" y="0.0" w="32.0" h="782.0" h-a-x="32" n="mensuralCombStemUp" />
  <g c="E93F" x="0.0" y="-782.0" w="32.0" h="782.0" h-a-x="32" n="mensuralCombStemDown" />
  <g c="E940" x="-194.0" y="-193.0" w="386.0" h="385.0" h-a-x="1" n="mensuralCombStemDiagonal" />
  <g c="E941" x="0.0" y="0.0" w="220.0" h="782.0" h-a-x="220" n="mensuralCombStemUpFlagRight" />
  <g c="E942" x="0.0" y="-782.0" w="220.0" h="782.0" h-a-x="220" n="mensuralCombStemDownFlagRight" />
  <g c="E943" x="-188.0" y="0.0" w="220.0" h="782.0" h-a-x="32" n="mensuralCombStemUpFlagLeft" />
  <g c="E944" x="-188.0" y="-782.0" w="220.0" h="782.0" h-a-x="32" n="mensuralCombStemDownFlagLeft" />
  <g c="E945" x="0.0" y="0.0" w="231.0" h="782.0" h-a-x="231" n="mensuralCombStemUpFlagFlared" />
  <g c="E946" x="0.0" y="-782.0" w="231.0" h="782.0" h-a-x="231" n="mensuralCombStemDownFlagFlared" />
  <g c="E947" x="-124.0" y="0.0" w="343.0" h="782.0" h-a-x="219" n="mensuralCombStemUpFlagExtended" />
  <g c="E948" x="-124.0" y="-782.0" w="343.0" h="782.0" h-a-x="219" n="mensuralCombStemDownFlagExtended" />
  <g c="E949" x="0.0" y="0.0" w="219.0" h="782.0" h-a-x="219" n="mensuralCombStemUpFlagSemiminima" />
  <g c="E94A" x="0.0" y="-782.0" w="219.0" h="782.0" h-a-x="219" n="mensuralCombStemDownFlagSemiminima" />
  <g c="E94B" x="0.0" y="0.0" w="219.0" h="782.0" h-a-x="219" n="mensuralCombStemUpFlagFusa" />
  <g c="E94C" x="0.0" y="-782.0" w="219.0" h="782.0" h-a-x="219" n="mensuralCombStemDownFlagFusa" />
  <g c="E990" x="0.0" y="-101.0" w="160.0" h="203.0" h-a-x="160" n="chantPunctum" />
  <g c="E991" x="0.0" y="-113.0" w="150.0" h="226.0" h-a-x="150" n="chantPunctumInclinatum" />
  <g c="E992" x="0.0" y="-114.0" w="162.0" h="208.0" h-a-x="162" n="chantPunctumInclinatumAuctum" />
  <g c="E993" x="0.0" y="-68.0" w="89.0" h="136.0" h-a-x="90" n="chantPunctumInclinatumDeminutum" />
  <g c="E994" x="0.0" y="-117.0" w="154.0" h="234.0" h-a-x="154" n="chantAuctumAsc" />
  <g c="E995" x="0.0" y="-116.0" w="154.0" h="232.0" h-a-x="154" n="chantAuctumDesc" />
  <g c="E996" x="0.0" y="-401.0" w="160.0" h="503.0" h-a-x="160" n="chantPunctumVirga" />
  <g c="E997" x="0.0" y="-401.0" w="160.0" h="503.0" h-a-x="160" n="chantPunctumVirgaReversed" />
  <g c="E99B" x="0.0" y="-115.0" w="154.0" h="230.0" h-a-x="154" n="chantQuilisma" />
  <g c="E99E" x="0.0" y="-246.0" w="153.0" h="360.0" h-a-x="153" n="chantOriscusLiquescens" />
  <g c="E99F" x="0.0" y="-92.0" w="124.0" h="185.0" h-a-x="124" n="chantStrophicus" />
  <g c="E9B0" x="0.0" y="0.0" w="154.0" h="164.0" h-a-x="139" n="chantPodatusLower" />
  <g c="E9B1" x="-127.0" y="-3.0" w="141.0" h="198.0" h-a-x="0" n="chantPodatusUpper" />
  <g c="E9B2" x="-62.0" y="-121.0" w="76.0" h="188.0" h-a-x="14" n="chantDeminutumUpper" />
  <g c="E9B3" x="-62.0" y="-64.0" w="76.0" h="189.0" h-a-x="14" n="chantDeminutumLower" />
  <g c="E9B4" x="0.0" y="-150.0" w="14.0" h="300.0" h-a-x="14" n="chantEntryLineAsc2nd" />
  <g c="E9B5" x="0.0" y="-150.0" w="14.0" h="450.0" h-a-x="14" n="chantEntryLineAsc3rd" />
  <g c="E9B6" x="0.0" y="-150.0" w="14.0" h="600.0" h-a-x="14" n="chantEntryLineAsc4th" />
  <g c="E9B7" x="0.0" y="-150.0" w="14.0" h="750.0" h-a-x="14" n="chantEntryLineAsc5th" />
  <g c="E9B8" x="0.0" y="-150.0" w="14.0" h="900.0" h-a-x="14" n="chantEntryLineAsc6th" />
  <g c="E9B9" x="0.0" y="-228.0" w="465.0" h="332.0" h-a-x="465" n="chantLigaturaDesc2nd" />
  <g c="E9BA" x="0.0" y="-400.0" w="579.0" h="504.0" h-a-x="579" n="chantLigaturaDesc3rd" />
  <g c="E9BB" x="0.0" y="-553.0" w="579.0" h="657.0" h-a-x="579" n="chantLigaturaDesc4th" />
  <g c="E9BC" x="0.0" y="-703.0" w="579.0" h="807.0" h-a-x="579" n="chantLigaturaDesc5th" />
  <g c="E9BD" x="0.0" y="-150.0" w="14.0" h="300.0" h-a-x="14" n="chantConnectingLineAsc2nd" />
  <g c="E9BE" x="0.0" y="-150.0" w="14.0" h="450.0" h-a-x="14" n="chantConnectingLineAsc3rd" />
  <g c="E9BF" x="0.0" y="-150.0" w="14.0" h="600.0" h-a-x="14" n="chantConnectingLineAsc4th" />
  <g c="E9C0" x="0.0" y="-150.0" w="14.0" h="750.0" h-a-x="14" n="chantConnectingLineAsc5th" />
  <g c="E9C1" x="0.0" y="-150.0" w="14.0" h="900.0" h-a-x="14" n="chantConnectingLineAsc6th" />
  <g c="E9E0" x="0.0" y="-151.0" w="205.0" h="564.0" h-a-x="205" n="medRenFlatSoftB" />
  <g c="E9E1" x="0.0" y="-141.0" w="186.0" h="561.0" h-a-x="186" n="medRenFlatHardB" />
  <g c="E9E2" x="0.0" y="-254.0" w="102.0" h="507.0" h-a-x="102" n="medRenNatural" />
  <g c="E9E3" x="0.0" y="-142.0" w="430.0" h="284.0" h-a-x="430" n="medRenSharpCroix" />
  <g c="E9F0" x="0.0" y="-500.0" w="147.0" h="1000.0" h-a-x="147" n="mensuralRestMaxima" />
  <g c="E9F1" x="0.0" y="-500.0" w="48.0" h="1000.0" h-a-x="48" n="mensuralRestLongaPerfecta" />
  <g c="E9F2" x="0.0" y="-250.0" w="48.0" h="500.0" h-a-x="48" n="mensuralRestLongaImperfecta" />
  <g c="E9F3" x="0.0" y="0.0" w="48.0" h="250.0" h-a-x="48" n="mensuralRestBrevis" />
  <g c="E9F4" x="0.0" y="125.0" w="48.0" h="125.0" h-a-x="48" n="mensuralRestSemibrevis" />
  <g c="E9F5" x="0.0" y="0.0" w="48.0" h="125.0" h-a-x="48" n="mensuralRestMinima" />
  <g c="E9F6" x="0.0" y="0.0" w="139.0" h="165.0" h-a-x="139" n="mensuralRestSemiminima" />
  <g c="E9F7" x="0.0" y="0.0" w="139.0" h="165.0" h-a-x="139" n="mensuralRestFusa" />
  <g c="E9F8" x="0.0" y="0.0" w="138.0" h="165.0" h-a-x="138" n="mensuralRestSemifusa" />
  <g c="EA02" x="1.0" y="0.0" w="613.0" h="411.0" h-a-x="615" n="mensuralCustosUp" />
  <g c="EA06" x="0.0" y="-101.0" w="60.0" h="416.0" h-a-x="60" n="chantCustosStemUpPosMiddle" />
  <g c="EA50" x="20.0" y="-1.0" w="215.0" h="252.0" h-a-x="255" n="figbass0" />
  <g c="EA51" x="20.0" y="0.0" w="117.0" h="254.0" h-a-x="157" n="figbass1" />
  <g c="EA52" x="20.0" y="-3.0" w="202.0" h="256.0" h-a-x="242" n="figbass2" />
  <g c="EA53" x="20.0" y="-33.77" w="221.0" h="289.77" h-a-x="258" n="figbass2Raised" />
  <g c="EA54" x="20.0" y="0.0" w="185.0" h="252.0" h-a-x="225" n="figbass3" />
  <g c="EA55" x="20.0" y="1.0" w="196.0" h="252.0" h-a-x="236" n="figbass4" />
  <g c="EA56" x="20.0" y="0.0" w="290.0" h="251.0" h-a-x="320" n="figbass4Raised" />
  <g c="EA57" x="20.0" y="0.0" w="185.0" h="258.0" h-a-x="225" n="figbass5" />
  <g c="EA58" x="20.0" y="1.0" w="188.0" h="305.0" h-a-x="228" n="figbass5Raised1" />
  <g c="EA59" x="20.0" y="0.0" w="188.0" h="305.0" h-a-x="228" n="figbass5Raised2" />
  <g c="EA5A" x="20.0" y="-43.0" w="185.0" h="349.0" h-a-x="228" n="figbass5Raised3" />
  <g c="EA5B" x="20.0" y="0.0" w="196.0" h="250.0" h-a-x="236" n="figbass6" />
  <g c="EA5C" x="-16.0" y="0.0" w="268.0" h="249.0" h-a-x="236" n="figbass6Raised" />
  <g c="EA5D" x="20.0" y="0.0" w="197.0" h="245.0" h-a-x="237" n="figbass7" />
  <g c="EA5E" x="20.0" y="-1.0" w="197.0" h="291.0" h-a-x="237" n="figbass7Raised1" />
  <g c="EA5F" x="20.0" y="-1.0" w="227.0" h="245.0" h-a-x="237" n="figbass7Raised2" />
  <g c="EA60" x="20.0" y="0.0" w="192.0" h="251.0" h-a-x="232" n="figbass8" />
  <g c="EA61" x="20.0" y="0.0" w="196.0" h="250.0" h-a-x="236" n="figbass9" />
  <g c="EA62" x="-12.0" y="0.0" w="268.0" h="250.0" h-a-x="237" n="figbass9Raised" />
  <g c="EA63" x="22.0" y="-0.36" w="225.0" h="309.36" h-a-x="273" n="figbassDoubleFlat" />
  <g c="EA64" x="21.0" y="-0.36" w="137.0" h="309.36" h-a-x="177" n="figbassFlat" />
  <g c="EA65" x="20.0" y="-50.0" w="93.0" h="313.0" h-a-x="134" n="figbassNatural" />
  <g c="EA66" x="19.0" y="-55.0" w="150.0" h="360.0" h-a-x="191" n="figbassSharp" />
  <g c="EA67" x="20.0" y="-5.0" w="197.0" h="202.0" h-a-x="238" n="figbassDoubleSharp" />
  <g c="EAA4" x="-36.0" y="98.0" w="306.0" h="111.0" h-a-x="237" n="wiggleTrill">
    <a n="repeatOffset" x="0.95" y="0.0" />
  </g>
  <g c="EAA9" x="-33.0" y="0.0" w="325.0" h="119.0" h-a-x="255" n="wiggleArpeggiatoUp">
    <a n="repeatOffset" x="1.02" y="0.0" />
  </g>
  <g c="EAAA" x="-33.0" y="0.0" w="325.0" h="119.0" h-a-x="255" n="wiggleArpeggiatoDown">
    <a n="repeatOffset" x="1.02" y="0.0" />
  </g>
  <g c="EAAD" x="-47.0" y="-80.0" w="563.0" h="235.0" h-a-x="516" n="wiggleArpeggiatoUpArrow">
    <a n="repeatOffset" x="2.06" y="0.0" />
  </g>
  <g c="EAAE" x="1.0" y="-65.0" w="563.0" h="235.0" h-a-x="516" n="wiggleArpeggiatoDownArrow">
    <a n="repeatOffset" x="2.06" y="0.0" />
  </g>
  <g c="EAAF" x="-25.0" y="0.0" w="306.0" h="111.0" h-a-x="240" n="wiggleGlissando">
    <a n="repeatOffset" x="0.96" y="0.0" />
  </g>
  <g c="EB1C" x="0.0" y="0.0" w="468.0" h="536.0" h-a-x="468" n="elecPlay" />
  <g c="EB1D" x="0.0" y="0.0" w="534.0" h="536.0" h-a-x="534" n="elecStop" />
  <g c="EB1E" x="0.0" y="0.0" w="495.0" h="536.0" h-a-x="496" n="elecPause" />
  <g c="EB1F" x="0.0" y="0.0" w="900.0" h="536.0" h-a-x="901" n="elecFastForward" />
  <g c="EB20" x="0.0" y="0.0" w="900.0" h="536.0" h-a-x="901" n="elecRewind" />
  <g c="EB21" x="0.0" y="0.0" w="982.0" h="536.0" h-a-x="982" n="elecSkipForwards" />
  <g c="EB22" x="0.0" y="0.0" w="982.0" h="536.0" h-a-x="982" n="elecSkipBackwards" />
  <g c="EB90" x="0.0" y="0.0" w="0.0" h="0.0" h-a-x="0" n="staffPosRaise1" />
  <g c="EB91" x="0.0" y="0.0" w="0.0" h="0.0" h-a-x="0" n="staffPosRaise2" />
  <g c="EB92" x="0.0" y="0.0" w="0.0" h="0.0" h-a-x="0" n="staffPosRaise3" />
  <g c="EB93" x="0.0" y="0.0" w="0.0" h="0.0" h-a-x="0" n="staffPosRaise4" />
  <g c="EB94" x="0.0" y="0.0" w="0.0" h="0.0" h-a-x="0" n="staffPosRaise5" />
  <g c="EB95" x="0.0" y="0.0" w="0.0" h="0.0" h-a-x="0" n="staffPosRaise6" />
  <g c="EB96" x="0.0" y="0.0" w="0.0" h="0.0" h-a-x="0" n="staffPosRaise7" />
  <g c="EB97" x="0.0" y="0.0" w="0.0" h="0.0" h-a-x="0" n="staffPosRaise8" />
  <g c="EB98" x="0.0" y="0.0" w="0.0" h="0.0" h-a-x="0" n="staffPosLower1" />
  <g c="EB99" x="0.0" y="0.0" w="0.0" h="0.0" h-a-x="0" n="staffPosLower2" />
  <g c="EB9A" x="0.0" y="0.0" w="0.0" h="0.0" h-a-x="0" n="staffPosLower3" />
  <g c="EB9B" x="0.0" y="0.0" w="0.0" h="0.0" h-a-x="0" n="staffPosLower4" />
  <g c="EB9C" x="0.0" y="0.0" w="0.0" h="0.0" h-a-x="0" n="staffPosLower5" />
  <g c="EB9D" x="0.0" y="0.0" w="0.0" h="0.0" h-a-x="0" n="staffPosLower6" />
  <g c="EB9E" x="0.0" y="0.0" w="0.0" h="0.0" h-a-x="0" n="staffPosLower7" />
  <g c="EB9F" x="0.0" y="0.0" w="0.0" h="0.0" h-a-x="0" n="staffPosLower8" />
  <g c="EBA6" x="0.0" y="0.0" w="148.0" h="786.0" h-a-x="149" n="luteDurationDoubleWhole" />
  <g c="EBA7" x="0.0" y="0.0" w="36.0" h="790.0" h-a-x="36" n="luteDurationWhole" />
  <g c="EBA8" x="0.0" y="0.0" w="228.0" h="786.0" h-a-x="228" n="luteDurationHalf" />
  <g c="EBA9" x="0.0" y="0.0" w="228.0" h="786.0" h-a-x="228" n="luteDurationQuarter" />
  <g c="EBAA" x="0.0" y="0.0" w="228.0" h="786.0" h-a-x="228" n="luteDuration8th" />
  <g c="EBAB" x="0.0" y="0.0" w="228.0" h="786.0" h-a-x="228" n="luteDuration16th" />
  <g c="EBAC" x="0.0" y="-9.0" w="228.0" h="795.0" h-a-x="228" n="luteDuration32nd" />
  <g c="EBC0" x="0.0" y="0.0" w="276.0" h="242.0" h-a-x="276" n="luteFrenchFretA" />
  <g c="EBC1" x="0.0" y="0.0" w="219.0" h="300.0" h-a-x="219" n="luteFrenchFretB" />
  <g c="EBC2" x="1.0" y="1.0" w="291.0" h="265.0" h-a-x="292" n="luteFrenchFretC" />
  <g c="EBC3" x="0.0" y="0.0" w="429.0" h="245.0" h-a-x="429" n="luteFrenchFretD" />
  <g c="EBC4" x="0.0" y="0.0" w="313.0" h="238.0" h-a-x="313" n="luteFrenchFretE" />
  <g c="EBC5" x="0.0" y="0.0" w="251.0" h="264.0" h-a-x="251" n="luteFrenchFretF" />
  <g c="EBC6" x="0.0" y="0.0" w="404.0" h="283.0" h-a-x="404" n="luteFrenchFretG" />
  <g c="EBC7" x="0.0" y="0.0" w="234.0" h="290.0" h-a-x="234" n="luteFrenchFretH" />
  <g c="EBC8" x="0.0" y="1.0" w="124.0" h="305.0" h-a-x="124" n="luteFrenchFretI" />
  <g c="EBC9" x="1.0" y="1.0" w="213.0" h="299.0" h-a-x="214" n="luteFrenchFretK" />
  <g c="EBCA" x="0.0" y="0.0" w="131.0" h="296.0" h-a-x="131" n="luteFrenchFretL" />
  <g c="EBCB" x="0.0" y="0.0" w="411.0" h="275.0" h-a-x="411" n="luteFrenchFretM" />
  <g c="EBCC" x="0.0" y="0.0" w="321.0" h="302.0" h-a-x="321" n="luteFrenchFretN" />
  <g c="EBCD" x="0.0" y="0.0" w="276.0" h="242.0" h-a-x="276" n="luteFrench7thCourse" />
  <g c="EBCE" x="0.0" y="-34.0" w="459.0" h="344.0" h-a-x="459" n="luteFrench8thCourse" />
  <g c="EBCF" x="0.0" y="-34.0" w="569.0" h="344.0" h-a-x="569" n="luteFrench9thCourse" />
  <g c="EBD0" x="0.0" y="-34.0" w="679.0" h="344.0" h-a-x="679" n="luteFrench10thCourse" />
  <g c="EBE0" x="24.0" y="-1.0" w="257.0" h="301.0" h-a-x="256" n="luteItalianFret0" />
  <g c="EBE1" x="24.0" y="0.0" w="138.0" h="300.0" h-a-x="138" n="luteItalianFret1" />
  <g c="EBE2" x="24.0" y="-3.0" w="239.0" h="304.0" h-a-x="239" n="luteItalianFret2" />
  <g c="EBE3" x="24.0" y="0.0" w="220.0" h="300.0" h-a-x="220" n="luteItalianFret3" />
  <g c="EBE4" x="24.0" y="1.0" w="233.0" h="300.0" h-a-x="234" n="luteItalianFret4" />
  <g c="EBE5" x="23.0" y="0.0" w="215.0" h="300.0" h-a-x="216" n="luteItalianFret5" />
  <g c="EBE6" x="24.0" y="0.0" w="235.0" h="300.0" h-a-x="236" n="luteItalianFret6" />
  <g c="EBE7" x="25.0" y="0.0" w="242.0" h="301.0" h-a-x="242" n="luteItalianFret7" />
  <g c="EBE8" x="24.0" y="0.0" w="230.0" h="301.0" h-a-x="230" n="luteItalianFret8" />
  <g c="EBE9" x="24.0" y="0.0" w="235.0" h="300.0" h-a-x="235" n="luteItalianFret9" />
  <g c="EC00" x="0.0" y="-12.0" w="278.0" h="359.0" h-a-x="278" n="luteGermanALower" />
  <g c="EC01" x="0.0" y="-11.0" w="298.0" h="520.0" h-a-x="298" n="luteGermanBLower" />
  <g c="EC02" x="0.0" y="-12.0" w="201.0" h="355.0" h-a-x="201" n="luteGermanCLower" />
  <g c="EC03" x="0.0" y="-12.0" w="288.0" h="484.0" h-a-x="288" n="luteGermanDLower" />
  <g c="EC04" x="0.0" y="-12.0" w="213.0" h="355.0" h-a-x="213" n="luteGermanELower" />
  <g c="EC05" x="0.0" y="-124.0" w="246.0" h="613.0" h-a-x="246" n="luteGermanFLower" />
  <g c="EC06" x="0.0" y="-140.0" w="345.0" h="499.0" h-a-x="345" n="luteGermanGLower" />
  <g c="EC07" x="0.0" y="-131.0" w="304.0" h="647.0" h-a-x="304" n="luteGermanHLower" />
  <g c="EC08" x="0.0" y="-113.0" w="134.0" h="594.0" h-a-x="134" n="luteGermanILower" />
  <g c="EC09" x="0.0" y="-9.0" w="248.0" h="519.0" h-a-x="248" n="luteGermanKLower" />
  <g c="EC0A" x="0.0" y="-10.0" w="168.0" h="519.0" h-a-x="168" n="luteGermanLLower" />
  <g c="EC0B" x="0.0" y="-9.0" w="483.0" h="358.0" h-a-x="483" n="luteGermanMLower" />
  <g c="EC0C" x="0.0" y="-9.0" w="314.0" h="360.0" h-a-x="314" n="luteGermanNLower" />
  <g c="EC0D" x="0.0" y="-12.0" w="314.0" h="370.0" h-a-x="314" n="luteGermanOLower" />
  <g c="EC0E" x="0.0" y="-130.0" w="329.0" h="472.0" h-a-x="329" n="luteGermanPLower" />
  <g c="EC0F" x="0.0" y="-130.0" w="315.0" h="472.0" h-a-x="315" n="luteGermanQLower" />
  <g c="EC10" x="0.0" y="-8.0" w="241.0" h="359.0" h-a-x="241" n="luteGermanRLower" />
  <g c="EC11" x="0.0" y="-124.0" w="246.0" h="613.0" h-a-x="246" n="luteGermanSLower" />
  <g c="EC12" x="0.0" y="-8.0" w="227.0" h="431.0" h-a-x="227" n="luteGermanTLower" />
  <g c="EC13" x="0.0" y="-8.0" w="335.0" h="354.0" h-a-x="335" n="luteGermanVLower" />
  <g c="EC14" x="0.0" y="-118.0" w="257.0" h="478.0" h-a-x="257" n="luteGermanXLower" />
  <g c="EC15" x="0.0" y="-137.0" w="304.0" h="495.0" h-a-x="304" n="luteGermanYLower" />
  <g c="EC16" x="0.0" y="-132.0" w="213.0" h="485.0" h-a-x="213" n="luteGermanZLower" />
  <g c="EC17" x="0.0" y="-9.0" w="479.0" h="523.0" h-a-x="479" n="luteGermanAUpper" />
  <g c="EC18" x="0.0" y="-9.0" w="561.0" h="526.0" h-a-x="561" n="luteGermanBUpper" />
  <g c="EC19" x="0.0" y="-13.0" w="413.0" h="525.0" h-a-x="413" n="luteGermanCUpper" />
  <g c="EC1A" x="1.0" y="-9.0" w="559.0" h="525.0" h-a-x="560" n="luteGermanDUpper" />
  <g c="EC1B" x="0.0" y="-11.0" w="503.0" h="525.0" h-a-x="503" n="luteGermanEUpper" />
  <g c="EC1C" x="0.0" y="-123.0" w="402.0" h="642.0" h-a-x="402" n="luteGermanFUpper" />
  <g c="EC1D" x="0.0" y="-10.0" w="545.0" h="524.0" h-a-x="545" n="luteGermanGUpper" />
  <g c="EC1E" x="0.0" y="-109.0" w="473.0" h="628.0" h-a-x="473" n="luteGermanHUpper" />
  <g c="EC1F" x="0.0" y="-125.0" w="525.0" h="646.0" h-a-x="525" n="luteGermanIUpper" />
  <g c="EC20" x="-2.0" y="-12.0" w="526.0" h="519.0" h-a-x="524" n="luteGermanKUpper" />
  <g c="EC21" x="0.0" y="-11.0" w="422.0" h="519.0" h-a-x="422" n="luteGermanLUpper" />
  <g c="EC22" x="0.0" y="-10.0" w="721.0" h="520.0" h-a-x="721" n="luteGermanMUpper" />
  <g c="EC23" x="0.0" y="-13.0" w="607.0" h="525.0" h-a-x="607" n="luteGermanNUpper" />
  <g c="EC80" x="0.0" y="-622.0" w="118.0" h="1236.0" h-a-x="118" n="timeSigBracketLeft" />
  <g c="EC81" x="0.0" y="-622.0" w="118.0" h="1236.0" h-a-x="118" n="timeSigBracketRight" />
  <g c="EC82" x="0.0" y="-372.0" w="118.0" h="736.0" h-a-x="118" n="timeSigBracketLeftSmall" />
  <g c="EC83" x="0.0" y="-372.0" w="118.0" h="736.0" h-a-x="118" n="timeSigBracketRightSmall" />
  <g c="EC84" x="0.0" y="-517.0" w="327.0" h="1033.0" h-a-x="327" n="timeSigSlash" />
  <g c="EC85" x="20.0" y="-362.0" w="406.0" h="723.0" h-a-x="446" n="timeSigCut2" />
  <g c="EC86" x="17.0" y="-361.0" w="381.0" h="723.0" h-a-x="398" n="timeSigCut3" />
  <g c="ECA0" x="0.0" y="-168.0" w="655.0" h="338.0" h-a-x="655" n="metNoteDoubleWhole">
    <a n="noteheadOrigin" x="0.4" y="0.0" />
  </g>
  <g c="ECA1" x="0.0" y="-190.0" w="416.0" h="388.0" h-a-x="533" n="metNoteDoubleWholeSquare" />
  <g c="ECA2" x="0.0" y="-125.0" w="459.0" h="273.0" h-a-x="459" n="metNoteWhole" />
  <g c="ECA3" x="0.0" y="-141.0" w="341.0" h="829.0" h-a-x="341" n="metNoteHalfUp" />
  <g c="ECA5" x="0.0" y="-141.0" w="332.0" h="829.0" h-a-x="332" n="metNoteQuarterUp" />
  <g c="ECA7" x="0.0" y="-141.0" w="533.0" h="837.0" h-a-x="534" n="metNote8thUp" />
  <g c="ECA9" x="0.0" y="-141.0" w="521.0" h="841.0" h-a-x="522" n="metNote16thUp" />
  <g c="ECAB" x="0.0" y="-141.0" w="538.0" h="1064.0" h-a-x="538" n="metNote32ndUp" />
  <g c="ECAD" x="0.0" y="-141.0" w="537.0" h="1239.0" h-a-x="537" n="metNote64thUp" />
  <g c="ECAF" x="0.0" y="-141.0" w="537.0" h="1409.0" h-a-x="537" n="metNote128thUp" />
  <g c="ECB1" x="0.0" y="-141.0" w="540.0" h="1565.0" h-a-x="541" n="metNote256thUp" />
  <g c="ECB3" x="0.0" y="-141.0" w="542.0" h="1730.0" h-a-x="542" n="metNote512thUp" />
  <g c="ECB5" x="0.0" y="-141.0" w="541.0" h="1898.0" h-a-x="541" n="metNote1024thUp" />
  <g c="ECB7" x="0.0" y="-50.0" w="100.0" h="100.0" h-a-x="100" n="metAugmentationDot" />
  <g c="ECC0" x="20.0" y="0.0" w="238.0" h="245.0" h-a-x="237" n="figbass7Diminished" />
  <g c="ED40" x="0.0" y="1.0" w="708.0" h="244.0" h-a-x="708" n="articSoftAccentAbove" />
  <g c="ED41" x="0.0" y="-245.0" w="708.0" h="244.0" h-a-x="708" n="articSoftAccentBelow" />
  <g c="F400" x="0.0" y="0.0" w="103.0" h="997.0" h-a-x="103" n="braceSmall" />
  <g c="F401" x="0.0" y="1.0" w="67.0" h="997.0" h-a-x="67" n="braceLarge" />
  <g c="F402" x="0.0" y="0.0" w="60.0" h="997.0" h-a-x="61" n="braceLarger" />
  <g c="F403" x="0.0" y="1.0" w="56.0" h="999.0" h-a-x="57" n="braceFlat" />
  <g c="F404" x="0.0" y="0.0" w="772.0" h="787.0" h-a-x="777" n="segnoJapanese" />
  <g c="F405" x="0.0" y="-153.0" w="957.0" h="1053.0" h-a-x="954" n="codaJapanese" />
  <g c="F406" x="0.0" y="-585.0" w="851.0" h="846.0" h-a-x="851" n="fClefFrench" />
  <g c="F407" x="0.0" y="-582.0" w="1041.0" h="855.0" h-a-x="1041" n="fClef19thCentury" />
  <g c="F408" x="0.0" y="-779.0" w="863.0" h="1420.0" h-a-x="863" n="cClefFrench" />
  <g c="F409" x="0.0" y="250.0" w="292.0" h="500.0" h-a-x="297" n="unpitchedPercussionClef1Alt" />
  <g c="F40A" x="-6.0" y="-1005.0" w="547.0" h="2012.0" h-a-x="516" n="6stringTabClefTall" />
  <g c="F40B" x="0.0" y="-754.0" w="487.0" h="1509.0" h-a-x="487" n="6stringTabClefSerif" />
  <g c="F40C" x="0.0" y="-586.0" w="318.0" h="1172.0" h-a-x="318" n="4stringTabClefTall" />
  <g c="F40D" x="0.0" y="-502.0" w="324.0" h="1004.0" h-a-x="324" n="4stringTabClefSerif" />
  <g c="F40E" x="0.0" y="-169.0" w="529.0" h="338.0" h-a-x="529" n="noteDoubleWholeAlt">
    <a n="noteheadOrigin" x="0.13" y="0.0" />
  </g>
  <g c="F40F" x="0.0" y="-355.0" w="240.0" h="355.0" h-a-x="250" n="flag8thUpStraight">
    <a n="stemUpNW" x="0.0" y="-0.22" />
  </g>
  <g c="F410" x="0.0" y="-548.0" w="267.0" h="556.0" h-a-x="267" n="flag8thUpShort">
    <a n="stemUpNW" x="0.0" y="-0.2" />
  </g>
  <g c="F411" x="0.0" y="0.0" w="240.0" h="355.0" h-a-x="262" n="flag8thDownStraight">
    <a n="stemDownSW" x="0.0" y="0.12" />
  </g>
  <g c="F412" x="0.0" y="-555.0" w="240.0" h="555.0" h-a-x="262" n="flag16thUpStraight">
    <a n="stemUpNW" x="0.0" y="-0.18" />
  </g>
  <g c="F413" x="0.0" y="-624.0" w="264.0" h="636.0" h-a-x="264" n="flag16thUpShort">
    <a n="stemUpNW" x="0.0" y="-0.26" />
  </g>
  <g c="F414" x="0.0" y="0.0" w="240.0" h="555.0" h-a-x="279" n="flag16thDownStraight">
    <a n="stemDownSW" x="0.0" y="0.12" />
  </g>
  <g c="F415" x="0.0" y="-552.0" w="240.0" h="755.0" h-a-x="262" n="flag32ndUpStraight">
    <a n="stemUpNW" x="0.0" y="0.7" />
  </g>
  <g c="F416" x="0.0" y="-613.0" w="264.0" h="834.0" h-a-x="265" n="flag32ndUpShort">
    <a n="stemUpNW" x="0.0" y="0.7" />
  </g>
  <g c="F417" x="0.0" y="-200.0" w="240.0" h="755.0" h-a-x="276" n="flag32ndDownStraight">
    <a n="stemDownSW" x="0.0" y="-0.68" />
  </g>
  <g c="F418" x="0.0" y="-552.0" w="240.0" h="955.0" h-a-x="262" n="flag64thUpStraight">
    <a n="stemUpNW" x="0.0" y="1.49" />
  </g>
  <g c="F419" x="0.0" y="-624.0" w="264.0" h="1027.0" h-a-x="262" n="flag64thUpShort">
    <a n="stemUpNW" x="0.0" y="1.39" />
  </g>
  <g c="F41A" x="0.0" y="-400.0" w="240.0" h="955.0" h-a-x="275" n="flag64thDownStraight">
    <a n="stemDownSW" x="0.0" y="-1.18" />
  </g>
  <g c="F41B" x="0.0" y="-555.0" w="240.0" h="1155.0" h-a-x="264" n="flag128thUpStraight">
    <a n="stemUpNW" x="0.0" y="2.3" />
  </g>
  <g c="F41C" x="0.0" y="-623.0" w="264.0" h="1214.0" h-a-x="259" n="flag128thUpShort">
    <a n="stemUpNW" x="0.0" y="2.08" />
  </g>
  <g c="F41D" x="0.0" y="-600.0" w="240.0" h="1155.0" h-a-x="275" n="flag128thDownStraight">
    <a n="stemDownSW" x="0.0" y="-2.28" />
  </g>
  <g c="F41E" x="0.0" y="-555.0" w="240.0" h="1355.0" h-a-x="268" n="flag256thUpStraight">
    <a n="stemUpNW" x="0.0" y="3.07" />
  </g>
  <g c="F41F" x="0.0" y="-614.0" w="264.0" h="1402.0" h-a-x="265" n="flag256thUpShort">
    <a n="stemUpNW" x="0.0" y="2.84" />
  </g>
  <g c="F420" x="0.0" y="-800.0" w="240.0" h="1355.0" h-a-x="301" n="flag256thDownStraight">
    <a n="stemDownSW" x="0.0" y="-3.07" />
  </g>
  <g c="F421" x="0.0" y="-555.0" w="240.0" h="1555.0" h-a-x="268" n="flag512thUpStraight">
    <a n="stemUpNW" x="0.0" y="3.86" />
  </g>
  <g c="F422" x="0.0" y="-616.0" w="264.0" h="1565.0" h-a-x="268" n="flag512thUpShort">
    <a n="stemUpNW" x="0.0" y="3.54" />
  </g>
  <g c="F423" x="0.0" y="-1000.0" w="240.0" h="1555.0" h-a-x="301" n="flag512thDownStraight">
    <a n="stemDownSW" x="0.0" y="-3.88" />
  </g>
  <g c="F424" x="0.0" y="-555.0" w="240.0" h="1755.0" h-a-x="301" n="flag1024thUpStraight">
    <a n="stemUpNW" x="0.0" y="4.64" />
  </g>
  <g c="F425" x="0.0" y="-614.0" w="264.0" h="1730.0" h-a-x="272" n="flag1024thUpShort">
    <a n="stemUpNW" x="0.0" y="4.26" />
  </g>
  <g c="F426" x="0.0" y="-1200.0" w="240.0" h="1755.0" h-a-x="301" n="flag1024thDownStraight">
    <a n="stemDownSW" x="0.0" y="-4.66" />
  </g>
  <g c="F427" x="1.0" y="-177.0" w="262.0" h="620.0" h-a-x="263" n="accidentalFlatSmall" />
  <g c="F428" x="0.0" y="-334.0" w="190.0" h="675.0" h-a-x="190" n="accidentalNaturalSmall" />
  <g c="F429" x="0.0" y="-349.0" w="261.0" h="700.0" h-a-x="261" n="accidentalSharpSmall" />
  <g c="F42A" x="0.0" y="1.0" w="429.0" h="304.0" h-a-x="431" n="articAccentAboveLarge" />
  <g c="F42B" x="0.0" y="-304.0" w="429.0" h="304.0" h-a-x="431" n="articAccentBelowLarge" />
  <g c="F42C" x="0.0" y="-1.0" w="224.0" h="533.0" h-a-x="224" n="caesuraSingleStroke" />
  <g c="F432" x="0.0" y="0.0" w="200.0" h="300.0" h-a-x="200" n="pluckedSnapPizzicatoBelowGerman" />
  <g c="F433" x="0.0" y="0.0" w="200.0" h="300.0" h-a-x="200" n="pluckedSnapPizzicatoAboveGerman" />
  <g c="F434" x="0.0" y="-8.0" w="923.0" h="563.0" h-a-x="922" n="keyboardPedalPedNoDot" />
  <g c="F435" x="0.0" y="-15.0" w="1014.0" h="606.0" h-a-x="1014" n="keyboardPedalSostNoDot" />
  <g c="F43F" x="0.0" y="-169.0" w="529.0" h="338.0" h-a-x="529" n="noteheadDoubleWholeAlt">
    <a n="noteheadOrigin" x="0.14" y="0.0" />
  </g>
  <g c="F440" x="5.0" y="-258.0" w="116.0" h="516.0" h-a-x="126" n="timeSig0Large" />
  <g c="F441" x="4.0" y="-250.0" w="62.0" h="500.0" h-a-x="71" n="timeSig1Large" />
  <g c="F442" x="8.0" y="-250.0" w="120.0" h="500.0" h-a-x="132" n="timeSig2Large" />
  <g c="F443" x="4.0" y="-254.0" w="119.0" h="508.0" h-a-x="130" n="timeSig3Large" />
  <g c="F444" x="5.0" y="-250.0" w="123.0" h="500.0" h-a-x="132" n="timeSig4Large" />
  <g c="F445" x="5.0" y="-254.0" w="119.0" h="508.0" h-a-x="128" n="timeSig5Large" />
  <g c="F446" x="4.0" y="-254.0" w="118.0" h="508.0" h-a-x="128" n="timeSig6Large" />
  <g c="F447" x="4.0" y="-250.0" w="119.0" h="500.0" h-a-x="128" n="timeSig7Large" />
  <g c="F448" x="4.0" y="-254.0" w="120.0" h="508.0" h-a-x="130" n="timeSig8Large" />
  <g c="F449" x="5.0" y="-258.0" w="117.0" h="516.0" h-a-x="128" n="timeSig9Large" />
  <g c="F44A" x="5.0" y="-259.0" w="127.0" h="517.0" h-a-x="139" n="timeSigCommonLarge" />
  <g c="F44B" x="4.0" y="-314.0" w="128.0" h="627.0" h-a-x="139" n="timeSigCutCommonLarge" />
  <g c="F44C" x="0.0" y="-149.0" w="80.0" h="298.0" h-a-x="80" n="timeSigPlusLarge" />
  <g c="F44E" x="0.0" y="0.0" w="524.0" h="242.0" h-a-x="524" n="luteFrench7thCourseStrikethru" />
  <g c="F44F" x="-88.0" y="-100.0" w="450.0" h="342.0" h-a-x="276" n="luteFrench7thCourseUnderline" />
  <g c="F450" x="0.0" y="0.0" w="276.0" h="242.0" h-a-x="276" n="luteFrench7thCourseRight" />
  <g c="F451" x="0.0" y="-29.0" w="701.0" h="344.0" h-a-x="701" n="luteFrench8thCourseStrikethru" />
  <g c="F452" x="0.0" y="-100.0" w="552.0" h="410.0" h-a-x="459" n="luteFrench8thCourseUnderline" />
  <g c="F453" x="0.0" y="-34.0" w="530.0" h="344.0" h-a-x="530" n="luteFrench8thCourseRight" />
  <g c="F454" x="0.0" y="-29.0" w="811.0" h="344.0" h-a-x="811" n="luteFrench9thCourseStrikethru" />
  <g c="F455" x="0.0" y="-100.0" w="662.0" h="410.0" h-a-x="569" n="luteFrench9thCourseUnderline" />
  <g c="F456" x="0.0" y="-34.0" w="640.0" h="344.0" h-a-x="640" n="luteFrench9thCourseRight" />
  <g c="F457" x="-1.0" y="-29.0" w="921.0" h="344.0" h-a-x="920" n="luteFrench10thCourseStrikethru" />
  <g c="F458" x="0.0" y="-100.0" w="762.0" h="410.0" h-a-x="679" n="luteFrench10thCourseUnderline" />
  <g c="F459" x="0.0" y="-34.0" w="753.0" h="344.0" h-a-x="753" n="luteFrench10thCourseRight" />
  <g c="F45A" x="0.0" y="0.0" w="291.0" h="269.0" h-a-x="291" n="luteFrenchFretCAlt" />
  <g c="F45D" x="20.0" y="-250.0" w="430.0" h="501.0" h-a-x="470" n="timeSig0Small" />
  <g c="F45E" x="20.0" y="-251.0" w="321.0" h="501.0" h-a-x="361" n="timeSig1Small" />
  <g c="F45F" x="20.0" y="-255.0" w="406.0" h="511.0" h-a-x="446" n="timeSig2Small" />
  <g c="F460" x="20.0" y="-250.0" w="381.0" h="500.0" h-a-x="421" n="timeSig3Small" />
  <g c="F461" x="20.0" y="-251.0" w="443.0" h="501.0" h-a-x="483" n="timeSig4Small" />
  <g c="F462" x="20.0" y="-248.0" w="363.0" h="497.0" h-a-x="403" n="timeSig5Small" />
  <g c="F463" x="20.0" y="-250.0" w="394.0" h="500.0" h-a-x="434" n="timeSig6Small" />
  <g c="F464" x="20.0" y="-250.0" w="401.0" h="499.0" h-a-x="441" n="timeSig7Small" />
  <g c="F465" x="20.0" y="-259.0" w="396.0" h="518.0" h-a-x="436" n="timeSig8Small" />
  <g c="F466" x="20.0" y="-250.0" w="394.0" h="500.0" h-a-x="434" n="timeSig9Small" />
  <g c="F467" x="0.0" y="-169.0" w="683.0" h="338.0" h-a-x="683" n="noteheadDoubleWholeSmall">
    <a n="noteheadOrigin" x="0.44" y="0.0" />
  </g>
  <g c="F468" x="0.0" y="-137.0" w="459.0" h="273.0" h-a-x="459" n="noteheadWholeSmall" />
  <g c="F469" x="0.0" y="-145.0" w="341.0" h="290.0" h-a-x="341" n="noteheadHalfSmall">
    <a n="stemDownNW" x="0.0" y="-0.2" />
    <a n="stemUpSE" x="1.36" y="0.19" />
  </g>
  <g c="F46A" x="0.0" y="-144.0" w="352.0" h="282.0" h-a-x="352" n="noteheadBlackSmall">
    <a n="stemDownNW" x="0.0" y="-0.17" />
    <a n="stemUpSE" x="1.41" y="0.16" />
  </g>
  <g c="F46B" x="-86.0" y="-134.0" w="521.0" h="414.0" h-a-x="435" n="dynamicPianoSmall" />
  <g c="F46C" x="0.0" y="-11.0" w="542.0" h="284.0" h-a-x="542" n="dynamicMezzoSmall" />
  <g c="F46D" x="-140.0" y="-166.0" w="585.0" h="623.0" h-a-x="445" n="dynamicForteSmall" />
  <g c="F46E" x="0.0" y="0.0" w="359.0" h="287.0" h-a-x="359" n="dynamicRinforzandoSmall" />
  <g c="F46F" x="1.0" y="1.0" w="224.0" h="285.0" h-a-x="225" n="dynamicSforzandoSmall" />
  <g c="F470" x="0.0" y="-4.0" w="292.0" h="285.0" h-a-x="292" n="dynamicZSmall" />
  <g c="F471" x="-37.0" y="-6.0" w="371.0" h="285.0" h-a-x="334" n="dynamicNienteSmall" />
  <g c="F472" x="0.0" y="-689.0" w="666.0" h="1760.0" h-a-x="666" n="gClefSmall" />
  <g c="F473" x="0.0" y="-503.0" w="766.0" h="1006.0" h-a-x="766" n="cClefSmall" />
  <g c="F474" x="-23.0" y="-627.0" w="724.0" h="884.0" h-a-x="700" n="fClefSmall" />
  <g c="F475" x="0.0" y="0.0" w="333.0" h="244.0" h-a-x="333" n="articAccentAboveSmall" />
  <g c="F476" x="0.0" y="-244.0" w="333.0" h="244.0" h-a-x="333" n="articAccentBelowSmall" />
  <g c="F477" x="0.0" y="0.0" w="122.0" h="122.0" h-a-x="123" n="articStaccatoAboveSmall" />
  <g c="F478" x="0.0" y="-122.0" w="122.0" h="122.0" h-a-x="123" n="articStaccatoBelowSmall" />
  <g c="F479" x="0.0" y="0.0" w="339.0" h="64.0" h-a-x="339" n="articTenutoAboveSmall" />
  <g c="F47A" x="0.0" y="-64.0" w="339.0" h="64.0" h-a-x="339" n="articTenutoBelowSmall" />
  <g c="F47B" x="0.0" y="0.0" w="132.0" h="295.0" h-a-x="132" n="articStaccatissimoAboveSmall" />
  <g c="F47C" x="0.0" y="-295.0" w="132.0" h="295.0" h-a-x="132" n="articStaccatissimoBelowSmall" />
  <g c="F47D" x="0.0" y="0.0" w="117.0" h="290.0" h-a-x="117" n="articStaccatissimoWedgeAboveSmall" />
  <g c="F47E" x="0.0" y="-290.0" w="117.0" h="290.0" h-a-x="117" n="articStaccatissimoWedgeBelowSmall" />
  <g c="F47F" x="0.0" y="0.0" w="64.0" h="290.0" h-a-x="64" n="articStaccatissimoStrokeAboveSmall" />
  <g c="F480" x="0.0" y="-290.0" w="64.0" h="290.0" h-a-x="64" n="articStaccatissimoStrokeBelowSmall" />
  <g c="F481" x="0.0" y="-1.0" w="236.0" h="254.0" h-a-x="236" n="articMarcatoAboveSmall" />
  <g c="F482" x="0.0" y="-254.0" w="236.0" h="254.0" h-a-x="236" n="articMarcatoBelowSmall" />
  <g c="F483" x="0.0" y="0.0" w="236.0" h="474.0" h-a-x="236" n="articMarcatoStaccatoAboveSmall" />
  <g c="F484" x="0.0" y="-509.0" w="236.0" h="508.0" h-a-x="236" n="articMarcatoStaccatoBelowSmall" />
  <g c="F485" x="0.0" y="0.0" w="333.0" h="464.0" h-a-x="333" n="articAccentStaccatoAboveSmall" />
  <g c="F486" x="0.0" y="-448.0" w="333.0" h="448.0" h-a-x="333" n="articAccentStaccatoBelowSmall" />
  <g c="F487" x="0.0" y="0.0" w="339.0" h="282.0" h-a-x="339" n="articTenutoStaccatoAboveSmall" />
  <g c="F488" x="0.0" y="-286.0" w="339.0" h="286.0" h-a-x="339" n="articTenutoStaccatoBelowSmall" />
  <g c="F489" x="0.0" y="0.0" w="339.0" h="384.0" h-a-x="339" n="articTenutoAccentAboveSmall" />
  <g c="F48A" x="0.0" y="-394.0" w="339.0" h="394.0" h-a-x="339" n="articTenutoAccentBelowSmall" />
  <g c="F48B" x="1.0" y="-807.0" w="268.0" h="818.0" h-a-x="268" n="flag8thUpSmall">
    <a n="stemUpNW" x="0.0" y="0.0" />
  </g>
  <g c="F48C" x="1.0" y="-8.0" w="268.0" h="816.36" h-a-x="269" n="flag8thDownSmall">
    <a n="stemDownSW" x="0.0" y="0.0" />
  </g>
  <g c="F48D" x="0.0" y="-808.0" w="286.0" h="826.0" h-a-x="286" n="flag16thUpSmall">
    <a n="stemUpNW" x="0.0" y="-0.08" />
  </g>
  <g c="F48E" x="0.0" y="-19.0" w="317.0" h="841.0" h-a-x="317" n="flag16thDownSmall">
    <a n="stemDownSW" x="0.0" y="0.07" />
  </g>
  <g c="F48F" x="0.0" y="-809.0" w="286.0" h="1012.0" h-a-x="286" n="flag32ndUpSmall">
    <a n="stemUpNW" x="0.0" y="0.66" />
  </g>
  <g c="F490" x="0.0" y="-225.0" w="317.0" h="1035.0" h-a-x="317" n="flag32ndDownSmall">
    <a n="stemDownSW" x="0.0" y="-0.72" />
  </g>
  <g c="F491" x="0.0" y="-811.0" w="287.0" h="1207.0" h-a-x="287" n="flag64thUpSmall">
    <a n="stemUpNW" x="0.0" y="1.39" />
  </g>
  <g c="F492" x="0.0" y="-408.0" w="318.0" h="1218.0" h-a-x="318" n="flag64thDownSmall">
    <a n="stemDownSW" x="0.0" y="-1.47" />
  </g>
  <g c="F493" x="0.0" y="-810.0" w="287.0" h="1412.0" h-a-x="287" n="flag128thUpSmall">
    <a n="stemUpNW" x="0.0" y="2.2" />
  </g>
  <g c="F494" x="0.0" y="-618.0" w="317.0" h="1427.0" h-a-x="317" n="flag128thDownSmall">
    <a n="stemDownSW" x="0.0" y="-2.28" />
  </g>
  <g c="F495" x="0.0" y="-811.0" w="287.0" h="1579.0" h-a-x="287" n="flag256thUpSmall">
    <a n="stemUpNW" x="0.0" y="2.94" />
  </g>
  <g c="F496" x="0.0" y="-791.0" w="317.0" h="1595.0" h-a-x="317" n="flag256thDownSmall">
    <a n="stemDownSW" x="0.0" y="-3.04" />
  </g>
  <g c="F497" x="0.0" y="-811.0" w="287.0" h="1763.0" h-a-x="287" n="flag512thUpSmall">
    <a n="stemUpNW" x="0.0" y="3.66" />
  </g>
  <g c="F498" x="0.0" y="-980.0" w="317.0" h="1789.0" h-a-x="317" n="flag512thDownSmall">
    <a n="stemDownSW" x="0.0" y="-3.74" />
  </g>
  <g c="F499" x="0.0" y="-811.0" w="287.0" h="1941.0" h-a-x="287" n="flag1024thUpSmall">
    <a n="stemUpNW" x="0.0" y="4.25" />
  </g>
  <g c="F49A" x="0.0" y="-1181.0" w="318.0" h="1992.0" h-a-x="318" n="flag1024thDownSmall">
    <a n="stemDownSW" x="0.0" y="-4.47" />
  </g>
  <g c="F49B" x="0.0" y="-550.0" w="284.0" h="1100.0" h-a-x="284" n="mensuralCclefVoid" />
  <g c="F49C" x="0.0" y="-550.0" w="284.0" h="1100.0" h-a-x="284" n="mensuralCclefBlack" />
  <g c="F49D" x="1.0" y="-414.0" w="288.0" h="574.0" h-a-x="289" n="chantFclefHufnagel" />
  <g c="F49E" x="0.0" y="-188.0" w="286.0" h="378.0" h-a-x="286" n="chantCclefHufnagel" />
  <g c="F49F" x="0.0" y="-88.0" w="145.0" h="554.0" h-a-x="145" n="medRenFlatSoftBOld" />
  <g c="F4A0" x="0.0" y="-101.0" w="168.0" h="565.0" h-a-x="168" n="medRenFlatSoftBHufnagel" />
  <g c="F4A1" x="0.0" y="-175.0" w="411.0" h="612.0" h-a-x="411" n="accidentalDoubleFlatJoinedStems" />
  <g c="F4A2" x="0.0" y="-175.0" w="596.0" h="614.0" h-a-x="596" n="accidentalTripleFlatJoinedStems" />
  <g c="F4BA" x="0.0" y="-171.0" w="655.0" h="338.0" h-a-x="657" n="noteheadDoubleWholeOversized">
    <a n="noteheadOrigin" x="0.39" y="0.0" />
  </g>
  <g c="F4BB" x="0.0" y="-250.0" w="533.0" h="500.0" h-a-x="533" n="noteheadDoubleWholeSquareOversized" />
  <g c="F4BC" x="0.0" y="-136.0" w="459.0" h="273.0" h-a-x="459" n="noteheadWholeOversized" />
  <g c="F4BD" x="0.0" y="-140.0" w="329.0" h="280.0" h-a-x="329" n="noteheadHalfOversized">
    <a n="splitStemDownNE" x="1.03" y="-0.37" />
    <a n="splitStemDownNW" x="0.11" y="-0.45" />
    <a n="splitStemUpSE" x="1.22" y="0.44" />
    <a n="splitStemUpSW" x="0.32" y="0.39" />
    <a n="stemDownNW" x="0.0" y="-0.2" />
    <a n="stemUpSE" x="1.32" y="0.19" />
  </g>
  <g c="F4BE" x="0.0" y="-140.0" w="329.0" h="280.0" h-a-x="329" n="noteheadBlackOversized">
    <a n="splitStemDownNE" x="1.05" y="-0.31" />
    <a n="splitStemDownNW" x="0.1" y="-0.44" />
    <a n="splitStemUpSE" x="1.24" y="0.41" />
    <a n="splitStemUpSW" x="0.31" y="0.37" />
    <a n="stemDownNW" x="0.0" y="-0.18" />
    <a n="stemUpSE" x="1.32" y="0.19" />
  </g>
  <g c="F4BF" x="0.0" y="-539.0" w="643.0" h="1077.0" h-a-x="643" n="cClefFrench20C" />
  <g c="F4C0" x="0.0" y="-359.0" w="472.0" h="724.0" h-a-x="472" n="cClefFrench20CChange" />
  <g c="F4C2" x="0.0" y="-8.0" w="646.0" h="469.0" h-a-x="646" n="sedicesima" />
  <g c="F4C3" x="0.0" y="-8.0" w="1315.0" h="469.0" h-a-x="1316" n="sedicesimaAlta" />
  <g c="F4C4" x="0.0" y="-8.0" w="1285.0" h="469.0" h-a-x="1286" n="sedicesimaBassa" />
  <g c="F4C5" x="4.0" y="-7.0" w="753.0" h="470.0" h-a-x="757" n="ventiquattresima" />
  <g c="F4C6" x="4.0" y="-7.0" w="1441.0" h="470.0" h-a-x="1445" n="ventiquattresimaAlta" />
  <g c="F4C7" x="4.0" y="-7.0" w="1441.0" h="470.0" h-a-x="1445" n="ventiquattresimaBassa" />
  <g c="F4C8" x="0.0" y="-8.0" w="1232.0" h="469.0" h-a-x="1231" n="sedicesimaBassaMb" />
  <g c="F4C9" x="4.0" y="-7.0" w="1398.0" h="470.0" h-a-x="1402" n="ventiquattresimaBassaMb" />
  <g c="F4CC" x="10.0" y="-13.0" w="255.0" h="391.0" h-a-x="254" n="tuplet0Light" />
  <g c="F4CD" x="10.0" y="0.0" w="206.0" h="378.0" h-a-x="206" n="tuplet1Light" />
  <g c="F4CE" x="10.0" y="0.0" w="281.0" h="378.0" h-a-x="281" n="tuplet2Light" />
  <g c="F4CF" x="10.0" y="-13.0" w="265.0" h="391.0" h-a-x="265" n="tuplet3Light" />
  <g c="F4D0" x="10.0" y="0.0" w="264.0" h="378.0" h-a-x="263" n="tuplet4Light" />
  <g c="F4D1" x="10.0" y="-13.0" w="273.0" h="391.0" h-a-x="273" n="tuplet5Light" />
  <g c="F4D2" x="10.0" y="-13.0" w="261.0" h="391.0" h-a-x="261" n="tuplet6Light" />
  <g c="F4D3" x="20.0" y="-11.0" w="235.0" h="381.0" h-a-x="235" n="tuplet7Light" />
  <g c="F4D4" x="10.0" y="-8.0" w="270.0" h="390.0" h-a-x="269" n="tuplet8Light" />
  <g c="F4D5" x="10.0" y="-8.0" w="265.0" h="390.0" h-a-x="265" n="tuplet9Light" />
  <g c="F4D6" x="10.0" y="-4.0" w="134.0" h="298.0" h-a-x="134" n="tupletColonLight" />
  <g c="F4E4" x="0.0" y="-300.0" w="636.0" h="600.0" h-a-x="636" n="noteheadSlashHorizontalEndsOversized">
    <a n="stemDownNW" x="0.0" y="-1.2" />
    <a n="stemUpSE" x="2.55" y="1.2" />
  </g>
  <g c="F4E5" x="0.0" y="-300.0" w="1176.0" h="600.0" h-a-x="1176" n="noteheadSlashWhiteWholeOversized" />
  <g c="F4E6" x="0.0" y="-300.0" w="936.0" h="600.0" h-a-x="936" n="noteheadSlashWhiteHalfOversized">
    <a n="stemDownNW" x="0.0" y="-1.2" />
    <a n="stemUpSE" x="3.74" y="1.2" />
  </g>
  <g c="F4EE" x="0.0" y="-157.0" w="112.0" h="314.0" h-a-x="111" n="timeSigPlusSmallLarge" />
  <g c="F4EF" x="0.0" y="-262.0" w="73.0" h="524.0" h-a-x="74" n="timeSigFractionalSlashLarge" />
  <g c="F4F0" x="0.0" y="-86.0" w="112.0" h="175.0" h-a-x="111" n="timeSigEqualsLarge" />
  <g c="F4F1" x="0.0" y="-24.0" w="112.0" h="47.0" h-a-x="111" n="timeSigMinusLarge" />
  <g c="F4F2" x="0.0" y="-128.0" w="91.0" h="255.0" h-a-x="92" n="timeSigMultiplyLarge" />
  <g c="F4F3" x="0.0" y="-329.0" w="54.0" h="658.0" h-a-x="44" n="timeSigParensLeftSmallLarge" />
  <g c="F4F4" x="-10.0" y="-329.0" w="54.0" h="658.0" h-a-x="44" n="timeSigParensRightSmallLarge" />
  <g c="F4F5" x="0.0" y="-494.0" w="51.0" h="988.0" h-a-x="51" n="timeSigParensLeftLarge" />
  <g c="F4F6" x="0.0" y="-494.0" w="51.0" h="988.0" h-a-x="51" n="timeSigParensRightLarge" />
  <g c="F4FF" x="0.0" y="-500.0" w="46.0" h="1000.0" h-a-x="50" n="timeSigBracketLeftLarge" />
  <g c="F500" x="4.0" y="-500.0" w="46.0" h="1000.0" h-a-x="50" n="timeSigBracketRightLarge" />
  <g c="F501" x="0.0" y="-330.0" w="46.0" h="659.0" h-a-x="50" n="timeSigBracketLeftSmallLarge" />
  <g c="F502" x="3.0" y="-330.0" w="47.0" h="659.0" h-a-x="50" n="timeSigBracketRightSmallLarge" />
  <g c="F503" x="0.0" y="-499.0" w="111.0" h="999.0" h-a-x="111" n="timeSigSlashLarge" />
  <g c="F504" x="0.0" y="-330.0" w="119.0" h="659.0" h-a-x="119" n="timeSigCut2Large" />
  <g c="F505" x="0.0" y="-329.0" w="118.0" h="658.0" h-a-x="118" n="timeSigCut3Large" />
  <g c="F506" x="0.0" y="-250.0" w="258.0" h="501.0" h-a-x="258" n="timeSig0Narrow" />
  <g c="F507" x="0.0" y="-250.0" w="177.0" h="501.0" h-a-x="177" n="timeSig1Narrow" />
  <g c="F508" x="0.0" y="-254.0" w="243.0" h="510.0" h-a-x="244" n="timeSig2Narrow" />
  <g c="F509" x="0.0" y="-250.0" w="229.0" h="500.0" h-a-x="229" n="timeSig3Narrow" />
  <g c="F50A" x="0.0" y="-250.0" w="258.0" h="501.0" h-a-x="258" n="timeSig4Narrow" />
  <g c="F50B" x="0.0" y="-248.0" w="218.0" h="497.0" h-a-x="219" n="timeSig5Narrow" />
  <g c="F50C" x="0.0" y="-250.0" w="237.0" h="500.0" h-a-x="237" n="timeSig6Narrow" />
  <g c="F50D" x="0.0" y="-249.0" w="241.0" h="499.0" h-a-x="242" n="timeSig7Narrow" />
  <g c="F50E" x="0.0" y="-259.0" w="238.0" h="519.0" h-a-x="240" n="timeSig8Narrow" />
  <g c="F50F" x="0.0" y="-250.0" w="237.0" h="500.0" h-a-x="237" n="timeSig9Narrow" />
  <g c="F510" x="0.0" y="-250.0" w="251.0" h="500.0" h-a-x="252" n="timeSigCommonNarrow" />
  <g c="F511" x="0.0" y="-360.0" w="251.0" h="720.0" h-a-x="252" n="timeSigCutCommonNarrow" />
  <g c="F512" x="-1.0" y="-250.0" w="300.0" h="500.0" h-a-x="298" n="timeSigPlusNarrow" />
  <g c="F513" x="-1.0" y="-133.0" w="154.0" h="256.0" h-a-x="151" n="timeSigPlusSmallNarrow" />
  <g c="F514" x="0.0" y="-190.0" w="227.0" h="379.0" h-a-x="227" n="timeSigFractionalSlashNarrow" />
  <g c="F515" x="0.0" y="-125.0" w="269.0" h="249.0" h-a-x="269" n="timeSigEqualsNarrow" />
  <g c="F516" x="0.0" y="-35.0" w="269.0" h="75.0" h-a-x="269" n="timeSigMinusNarrow" />
  <g c="F517" x="0.0" y="-198.0" w="237.0" h="396.0" h-a-x="237" n="timeSigMultiplyNarrow" />
  <g c="F518" x="0.0" y="-251.0" w="110.0" h="500.0" h-a-x="110" n="timeSigParensLeftSmallNarrow" />
  <g c="F519" x="0.0" y="-251.0" w="110.0" h="500.0" h-a-x="110" n="timeSigParensRightSmallNarrow" />
  <g c="F51A" x="0.0" y="-489.0" w="184.0" h="980.0" h-a-x="184" n="timeSigParensLeftNarrow" />
  <g c="F51B" x="0.0" y="-489.0" w="184.0" h="980.0" h-a-x="184" n="timeSigParensRightNarrow" />
  <g c="F524" x="0.0" y="-622.0" w="118.0" h="1236.0" h-a-x="118" n="timeSigBracketLeftNarrow" />
  <g c="F525" x="0.0" y="-622.0" w="118.0" h="1236.0" h-a-x="118" n="timeSigBracketRightNarrow" />
  <g c="F526" x="0.0" y="-372.0" w="118.0" h="736.0" h-a-x="118" n="timeSigBracketLeftSmallNarrow" />
  <g c="F527" x="0.0" y="-372.0" w="118.0" h="736.0" h-a-x="118" n="timeSigBracketRightSmallNarrow" />
  <g c="F528" x="0.0" y="-517.0" w="327.0" h="1033.0" h-a-x="327" n="timeSigSlashNarrow" />
  <g c="F529" x="12.0" y="-362.0" w="244.0" h="723.0" h-a-x="256" n="timeSigCut2Narrow" />
  <g c="F52A" x="10.0" y="-361.0" w="229.0" h="723.0" h-a-x="250" n="timeSigCut3Narrow" />
  <g c="F52B" x="-347.0" y="-2.0" w="320.0" h="477.0" h-a-x="0" n="figbassDoubleFlatLongerStem" />
  <g c="F52F" x="-279.0" y="-5.0" w="253.0" h="259.0" h-a-x="0" n="figbassDoubleSharpLongerStem" />
  <g c="F52C" x="-198.0" y="-3.0" w="174.0" h="470.0" h-a-x="0" n="figbassFlatLongerStem" />
  <g c="F52D" x="-143.0" y="-110.0" w="119.0" h="478.0" h-a-x="0" n="figbassNaturalLongerStem" />
  <g c="F52E" x="-220.0" y="-146.0" w="192.0" h="538.0" h-a-x="0" n="figbassSharpLongerStem" />
</bounding-boxes>