<?xml version='1.0' encoding='UTF-8'?>
<bounding-boxes font-family="Leipzig" units-per-em="1000">
  <g c="E0A3" x="0.0" y="-132.0" w="314.0" h="270.0" h-a-x="314" n="noteheadHalf">
    <a n="cutOutNW" x="0.14" y="0.24" />
    <a n="cutOutSE" x="1.08" y="-0.24" />
    <a n="stemDownNW" x="0.0" y="-0.14" />
    <a n="stemUpSE" x="1.26" y="0.16" />
  </g>
  <g c="E080" x="20.0" y="-250.0" w="414.0" h="501.0" h-a-x="454" n="timeSig0" />
  <g c="E081" x="20.0" y="-250.0" w="296.0" h="500.0" h-a-x="336" n="timeSig1" />
  <g c="E082" x="20.0" y="-251.0" w="402.0" h="502.0" h-a-x="442" n="timeSig2" />
  <g c="E083" x="20.0" y="-252.0" w="372.0" h="502.0" h-a-x="412" n="timeSig3" />
  <g c="E084" x="20.0" y="-250.0" w="387.0" h="501.0" h-a-x="427" n="timeSig4" />
  <g c="E085" x="20.0" y="-250.0" w="357.0" h="500.0" h-a-x="397" n="timeSig5" />
  <g c="E086" x="20.0" y="-250.0" w="382.0" h="500.0" h-a-x="422" n="timeSig6" />
  <g c="E087" x="20.0" y="-250.0" w="404.0" h="501.0" h-a-x="444" n="timeSig7" />
  <g c="E088" x="10.0" y="-250.0" w="374.0" h="499.25" h-a-x="404" n="timeSig8" />
  <g c="E089" x="20.0" y="-250.0" w="385.0" h="500.0" h-a-x="425" n="timeSig9" />
  <g c="E0A2" x="0.0" y="-133.0" w="405.0" h="266.0" h-a-x="405" n="noteheadWhole">
    <a n="cutOutNW" x="0.06" y="0.24" />
    <a n="cutOutSE" x="1.57" y="-0.23" />
  </g>
  <g c="E0A4" x="0.0" y="-133.0" w="314.0" h="266.0" h-a-x="314" n="noteheadBlack">
    <a n="cutOutNW" x="0.14" y="0.24" />
    <a n="cutOutSE" x="1.09" y="-0.24" />
    <a n="stemDownNW" x="-0.0" y="-0.16" />
    <a n="stemUpSE" x="1.26" y="0.16" />
  </g>
  <g c="E05C" x="0.0" y="-502.0" w="606.0" h="1004.0" h-a-x="606" n="cClef" />
  <g c="E05D" x="0.0" y="-735.0" w="606.0" h="1237.0" h-a-x="606" n="cClef8vb" />
  <g c="E051" x="-1.0" y="-893.0" w="647.0" h="1976.0" h-a-x="650" n="gClef15mb" />
  <g c="E050" x="-1.0" y="-655.0" w="647.0" h="1738.0" h-a-x="646" n="gClef" />
  <g c="E052" x="-1.0" y="-890.0" w="647.0" h="1973.0" h-a-x="646" n="gClef8vb" />
  <g c="E053" x="-1.0" y="-655.0" w="647.0" h="1972.0" h-a-x="646" n="gClef8va" />
  <g c="E054" x="-1.0" y="-655.0" w="651.0" h="1968.0" h-a-x="646" n="gClef15ma" />
  <g c="E062" x="4.0" y="-581.0" w="694.0" h="832.0" h-a-x="698" n="fClef" />
  <g c="E063" x="4.0" y="-755.0" w="694.0" h="1006.0" h-a-x="698" n="fClef15mb" />
  <g c="E064" x="4.0" y="-750.0" w="694.0" h="1001.0" h-a-x="698" n="fClef8vb" />
  <g c="E065" x="4.0" y="-581.0" w="694.0" h="1048.0" h-a-x="698" n="fClef8va" />
  <g c="E066" x="4.0" y="-581.0" w="694.0" h="1066.0" h-a-x="698" n="fClef15ma" />
  <g c="E262" x="0.0" y="-339.0" w="197.0" h="694.0" h-a-x="197" n="accidentalSharp">
    <a n="cutOutNE" x="0.62" y="0.84" />
    <a n="cutOutNW" x="0.16" y="0.64" />
    <a n="cutOutSE" x="0.62" y="-0.64" />
    <a n="cutOutSW" x="0.16" y="-0.82" />
  </g>
  <g c="E261" x="0.0" y="-351.0" w="157.0" h="702.0" h-a-x="157" n="accidentalNatural">
    <a n="cutOutNE" x="0.08" y="0.74" />
    <a n="cutOutSW" x="0.55" y="-0.76" />
  </g>
  <g c="E260" x="0.0" y="-175.0" w="198.0" h="644.0" h-a-x="200" n="accidentalFlat">
    <a n="cutOutNE" x="0.1" y="0.56" />
    <a n="cutOutSE" x="0.43" y="-0.34" />
  </g>
  <g c="E264" x="0.0" y="-175.0" w="388.0" h="644.0" h-a-x="388" n="accidentalDoubleFlat">
    <a n="cutOutNE" x="0.86" y="0.56" />
    <a n="cutOutSE" x="1.23" y="-0.3" />
  </g>
  <g c="E266" x="0.0" y="-175.0" w="578.0" h="644.0" h-a-x="578" n="accidentalTripleFlat">
    <a n="cutOutNE" x="1.62" y="0.57" />
    <a n="cutOutSE" x="1.97" y="-0.31" />
  </g>
  <g c="E267" x="0.0" y="-351.0" w="378.0" h="820.0" h-a-x="378" n="accidentalNaturalFlat">
    <a n="cutOutNE" x="0.82" y="0.56" />
    <a n="cutOutSE" x="1.17" y="-0.32" />
    <a n="cutOutSW" x="0.54" y="-0.78" />
  </g>
  <g c="E263" x="0.0" y="-120.0" w="257.0" h="240.0" h-a-x="258" n="accidentalDoubleSharp" />
  <g c="E265" x="0.0" y="-339.0" w="475.0" h="694.0" h-a-x="475" n="accidentalTripleSharp">
    <a n="cutOutNE" x="1.74" y="0.84" />
    <a n="cutOutNW" x="1.1" y="0.5" />
    <a n="cutOutSE" x="1.74" y="-0.64" />
    <a n="cutOutSW" x="1.1" y="-0.5" />
  </g>
  <g c="E268" x="0.0" y="-351.0" w="377.0" h="706.0" h-a-x="377" n="accidentalNaturalSharp">
    <a n="cutOutNE" x="1.35" y="0.84" />
    <a n="cutOutSE" x="1.35" y="-0.65" />
    <a n="cutOutSW" x="0.54" y="-0.77" />
  </g>
  <g c="E269" x="0.0" y="-339.0" w="412.0" h="694.0" h-a-x="412" n="accidentalSharpSharp">
    <a n="cutOutNE" x="1.48" y="0.83" />
    <a n="cutOutNW" x="0.16" y="0.66" />
    <a n="cutOutSE" x="1.48" y="-0.64" />
    <a n="cutOutSW" x="0.16" y="-0.82" />
  </g>
  <g c="E26A" x="0.0" y="-250.0" w="163.0" h="500.0" h-a-x="163" n="accidentalParensLeft" />
  <g c="E26B" x="0.0" y="-250.0" w="163.0" h="500.0" h-a-x="163" n="accidentalParensRight" />
  <g c="E4C0" x="0.0" y="-3.0" w="600.0" h="323.0" h-a-x="600" n="fermataAbove" />
  <g c="E4C1" x="0.0" y="-320.0" w="600.0" h="323.0" h-a-x="600" n="fermataBelow" />
  <g c="E0FA" x="0.0" y="-133.0" w="405.0" h="266.0" h-a-x="405" n="noteheadWholeFilled">
    <a n="cutOutNW" x="0.2" y="0.4" />
    <a n="cutOutSE" x="1.4" y="-0.4" />
  </g>
  <g c="E240" x="0.0" y="-694.0" w="276.0" h="694.0" h-a-x="277" n="flag8thUp" />
  <g c="E241" x="0.0" y="0.0" w="276.0" h="694.0" h-a-x="277" n="flag8thDown" />
  <g c="E08B" x="0.0" y="-319.0" w="417.0" h="637.0" h-a-x="417" n="timeSigCutCommon" />
  <g c="E08A" x="0.0" y="-249.0" w="414.0" h="500.0" h-a-x="422" n="timeSigCommon" />
  <g c="E4E5" x="0.0" y="-388.0" w="305.0" h="760.0" h-a-x="304" n="restQuarter" />
  <g c="E4E6" x="0.0" y="-250.0" w="276.0" h="433.0" h-a-x="277" n="rest8th" />
  <g c="E4E7" x="1.0" y="-492.0" w="324.0" h="666.0" h-a-x="324" n="rest16th" />
  <g c="E4E8" x="1.0" y="-485.0" w="398.0" h="898.0" h-a-x="404" n="rest32nd" />
  <g c="E4E9" x="2.0" y="-718.0" w="478.0" h="1131.0" h-a-x="480" n="rest64th" />
  <g c="E4EA" x="7.0" y="-734.0" w="572.0" h="1411.0" h-a-x="578" n="rest128th" />
  <g c="E880" x="0.0" y="0.0" w="243.0" h="326.0" h-a-x="243" n="tuplet0" />
  <g c="E881" x="0.0" y="0.0" w="207.0" h="311.0" h-a-x="207" n="tuplet1" />
  <g c="E882" x="0.0" y="-15.0" w="260.0" h="326.0" h-a-x="260" n="tuplet2" />
  <g c="E883" x="0.0" y="0.0" w="255.0" h="326.0" h-a-x="255" n="tuplet3" />
  <g c="E884" x="0.0" y="0.0" w="259.0" h="311.0" h-a-x="259" n="tuplet4" />
  <g c="E885" x="0.0" y="0.0" w="240.0" h="326.0" h-a-x="240" n="tuplet5" />
  <g c="E886" x="0.0" y="0.0" w="214.0" h="326.0" h-a-x="214" n="tuplet6" />
  <g c="E887" x="0.0" y="0.0" w="243.0" h="311.0" h-a-x="243" n="tuplet7" />
  <g c="E888" x="0.0" y="0.0" w="274.0" h="326.0" h-a-x="274" n="tuplet8" />
  <g c="E889" x="0.0" y="-1.0" w="225.0" h="327.0" h-a-x="225" n="tuplet9" />
  <g c="E566" x="0.0" y="0.0" w="432.0" h="364.0" h-a-x="432" n="ornamentTrill" />
  <g c="E56C" x="0.0" y="-2.0" w="605.0" h="242.0" h-a-x="605" n="ornamentShortTrill" />
  <g c="E56D" x="0.0" y="-90.0" w="586.0" h="399.0" h-a-x="587" n="ornamentMordent" />
  <g c="E004" x="0.0" y="-282.11" w="399.0" h="282.11" h-a-x="399" n="bracketBottom" />
  <g c="E003" x="0.0" y="0.0" w="399.0" h="282.11" h-a-x="399" n="bracketTop" />
  <g c="E88A" x="17.0" y="50.0" w="110.0" h="194.0" h-a-x="144" n="tupletColon" />
  <g c="E522" x="-143.0" y="-223.0" w="448.0" h="665.0" h-a-x="232" n="dynamicForte" />
  <g c="E521" x="-44.0" y="-18.0" w="472.0" h="280.0" h-a-x="405" n="dynamicMezzo" />
  <g c="E520" x="-49.0" y="-167.0" w="382.0" h="430.0" h-a-x="306" n="dynamicPiano" />
  <g c="E523" x="-20.0" y="0.0" w="245.0" h="259.0" h-a-x="225" n="dynamicRinforzando" />
  <g c="E524" x="0.0" y="0.0" w="194.0" h="270.0" h-a-x="194" n="dynamicSforzando" />
  <g c="E525" x="-36.0" y="-16.0" w="296.0" h="265.0" h-a-x="260" n="dynamicZ" />
  <g c="E650" x="0.0" y="0.0" w="695.0" h="514.0" h-a-x="695" n="keyboardPedalPed" />
  <g c="E655" x="0.0" y="-1.0" w="431.0" h="418.0" h-a-x="431" n="keyboardPedalUp" />
  <g c="E046" x="0.0" y="-22.0" w="935.0" h="428.0" h-a-x="935" n="daCapo" />
  <g c="E045" x="0.0" y="-14.0" w="860.0" h="418.0" h-a-x="860" n="dalSegno" />
  <g c="E047" x="0.0" y="0.0" w="411.0" h="513.0" h-a-x="411" n="segno" />
  <g c="E048" x="0.0" y="-73.0" w="537.0" h="653.0" h-a-x="537" n="coda" />
  <g c="E04B" x="0.0" y="-34.0" w="450.0" h="1192.0" h-a-x="450" n="segnoSerpent2" />
  <g c="E500" x="0.0" y="-242.0" w="508.0" h="484.0" h-a-x="508" n="repeat1Bar" />
  <g c="E220" x="-163.0" y="-125.0" w="326.0" h="250.0" h-a-x="163" n="tremolo1" />
  <g c="E222" x="-163.0" y="-300.0" w="326.0" h="600.0" h-a-x="163" n="tremolo3" />
  <g c="E223" x="-163.0" y="-387.0" w="326.0" h="775.0" h-a-x="163" n="tremolo4" />
  <g c="E224" x="-163.0" y="-475.0" w="326.0" h="950.0" h-a-x="163" n="tremolo5" />
  <g c="E221" x="-163.0" y="-212.0" w="326.0" h="425.0" h-a-x="163" n="tremolo2" />
  <g c="E530" x="-144.0" y="-223.0" w="908.0" h="667.0" h-a-x="692" n="dynamicFFF" />
  <g c="E52F" x="-143.0" y="-223.0" w="698.0" h="665.0" h-a-x="479" n="dynamicFF" />
  <g c="E531" x="-144.0" y="-223.0" w="1140.0" h="667.0" h-a-x="925" n="dynamicFFFF" />
  <g c="E532" x="-144.0" y="-223.0" w="1374.0" h="667.0" h-a-x="1158" n="dynamicFFFFF" />
  <g c="E4A0" x="0.0" y="0.0" w="347.0" h="236.0" h-a-x="347" n="articAccentAbove" />
  <g c="E4A1" x="0.0" y="-236.0" w="347.0" h="236.0" h-a-x="347" n="articAccentBelow" />
  <g c="E4A8" x="0.0" y="0.0" w="153.0" h="224.0" h-a-x="153" n="articStaccatissimoWedgeAbove" />
  <g c="E4A9" x="0.0" y="-224.0" w="153.0" h="224.0" h-a-x="153" n="articStaccatissimoWedgeBelow" />
  <g c="E4AA" x="0.0" y="0.0" w="33.0" h="240.0" h-a-x="33" n="articStaccatissimoStrokeAbove" />
  <g c="E4AB" x="0.0" y="-240.0" w="33.0" h="240.0" h-a-x="34" n="articStaccatissimoStrokeBelow" />
  <g c="E568" x="0.0" y="0.0" w="468.0" h="244.0" h-a-x="468" n="ornamentTurnInverted" />
  <g c="E567" x="0.0" y="0.0" w="468.0" h="244.0" h-a-x="468" n="ornamentTurn" />
  <g c="E56E" x="0.0" y="-1.0" w="710.0" h="199.0" h-a-x="711" n="ornamentTremblement" />
  <g c="E56A" x="0.0" y="0.0" w="244.0" h="468.0" h-a-x="244" n="ornamentTurnUp" />
  <g c="E569" x="0.0" y="-81.0" w="468.0" h="400.0" h-a-x="468" n="ornamentTurnSlash" />
  <g c="E4AC" x="0.0" y="0.0" w="273.0" h="265.0" h-a-x="274" n="articMarcatoAbove" />
  <g c="E4AD" x="1.0" y="-265.0" w="273.0" h="265.0" h-a-x="274" n="articMarcatoBelow" />
  <g c="E56B" x="0.0" y="0.0" w="244.0" h="468.0" h-a-x="244" n="ornamentTurnUpS" />
  <g c="E938" x="0.0" y="-141.0" w="282.0" h="282.0" h-a-x="282" n="mensuralNoteheadSemibrevisBlack" />
  <g c="E939" x="0.0" y="-141.0" w="282.0" h="282.0" h-a-x="282" n="mensuralNoteheadSemibrevisVoid" />
  <g c="E93C" x="0.0" y="-195.0" w="312.0" h="390.0" h-a-x="312" n="mensuralNoteheadMinimaWhite" />
  <g c="E93D" x="0.0" y="-195.0" w="312.0" h="390.0" h-a-x="312" n="mensuralNoteheadSemiminimaWhite" />
  <g c="E101" x="0.0" y="-250.0" w="460.0" h="500.0" h-a-x="460" n="noteheadSlashHorizontalEnds">
    <a n="stemDownNW" x="0.0" y="-1.0" />
    <a n="stemUpSE" x="1.84" y="1.0" />
  </g>
  <g c="E501" x="0.0" y="-242.0" w="750.0" h="484.0" h-a-x="751" n="repeat2Bars" />
  <g c="E502" x="0.0" y="-242.0" w="1234.0" h="484.0" h-a-x="1234" n="repeat4Bars" />
  <g c="E901" x="0.0" y="-147.0" w="268.0" h="991.0" h-a-x="268" n="mensuralGclefPetrucci" />
  <g c="E904" x="0.0" y="-883.0" w="597.0" h="1208.0" h-a-x="596" n="mensuralFclefPetrucci" />
  <g c="E909" x="1.0" y="-652.0" w="205.58" h="1306.0" h-a-x="204" n="mensuralCclefPetrucciPosMiddle" />
  <g c="E526" x="-39.0" y="-18.0" w="352.0" h="280.0" h-a-x="290" n="dynamicNiente" />
  <g c="E527" x="-49.0" y="-167.0" w="1882.0" h="430.0" h-a-x="1800" n="dynamicPPPPPP" />
  <g c="E52B" x="-49.0" y="-167.0" w="682.0" h="430.0" h-a-x="600" n="dynamicPP" />
  <g c="E52A" x="-49.0" y="-167.0" w="982.0" h="430.0" h-a-x="900" n="dynamicPPP" />
  <g c="E529" x="-49.0" y="-167.0" w="1282.0" h="430.0" h-a-x="1200" n="dynamicPPPP" />
  <g c="E528" x="-49.0" y="-167.0" w="1582.0" h="430.0" h-a-x="1500" n="dynamicPPPPP" />
  <g c="E533" x="-143.0" y="-223.0" w="1605.0" h="667.0" h-a-x="1390" n="dynamicFFFFFF" />
  <g c="E52C" x="-44.0" y="-167.0" w="782.0" h="430.0" h-a-x="711" n="dynamicMP" />
  <g c="E52D" x="-44.0" y="-223.0" w="754.0" h="665.0" h-a-x="637" n="dynamicMF" />
  <g c="E52E" x="-49.0" y="-223.0" w="687.0" h="665.0" h-a-x="306" n="dynamicPF" />
  <g c="E534" x="-143.0" y="-223.0" w="708.0" h="665.0" h-a-x="532" n="dynamicFortePiano" />
  <g c="E535" x="-143.0" y="-223.0" w="635.0" h="665.0" h-a-x="492" n="dynamicForzando" />
  <g c="E536" x="0.0" y="-223.0" w="499.0" h="665.0" h-a-x="428" n="dynamicSforzando1" />
  <g c="E537" x="0.0" y="-223.0" w="761.0" h="665.0" h-a-x="728" n="dynamicSforzandoPiano" />
  <g c="E538" x="0.0" y="-223.0" w="1061.0" h="665.0" h-a-x="1028" n="dynamicSforzandoPianissimo" />
  <g c="E53B" x="0.0" y="-223.0" w="920.0" h="665.0" h-a-x="920" n="dynamicSforzatoFF" />
  <g c="E539" x="0.0" y="-223.0" w="688.0" h="665.0" h-a-x="688" n="dynamicSforzato" />
  <g c="E53A" x="0.0" y="-223.0" w="1021.0" h="665.0" h-a-x="988" n="dynamicSforzatoPiano" />
  <g c="E53C" x="-20.0" y="-223.0" w="550.0" h="665.0" h-a-x="457" n="dynamicRinforzando1" />
  <g c="E53D" x="-20.0" y="-223.0" w="737.0" h="665.0" h-a-x="717" n="dynamicRinforzando2" />
  <g c="E510" x="0.0" y="1.0" w="266.0" h="331.0" h-a-x="266" n="ottava" />
  <g c="E514" x="3.0" y="-8.0" w="423.0" h="329.0" h-a-x="426" n="quindicesima" />
  <g c="E517" x="0.0" y="-15.0" w="504.0" h="326.0" h-a-x="504" n="ventiduesima" />
  <g c="E515" x="3.0" y="-8.0" w="923.0" h="335.0" h-a-x="926" n="quindicesimaAlta" />
  <g c="E516" x="3.0" y="-8.0" w="913.0" h="329.0" h-a-x="916" n="quindicesimaBassa" />
  <g c="E518" x="0.0" y="-15.0" w="1021.0" h="332.0" h-a-x="1021" n="ventiduesimaAlta" />
  <g c="E519" x="0.0" y="-15.0" w="991.0" h="326.0" h-a-x="991" n="ventiduesimaBassa" />
  <g c="E511" x="0.0" y="1.0" w="657.0" h="349.0" h-a-x="657" n="ottavaAlta" />
  <g c="E512" x="0.0" y="0.0" w="650.0" h="332.0" h-a-x="650" n="ottavaBassa" />
  <g c="E513" x="0.0" y="0.0" w="624.0" h="332.0" h-a-x="624" n="ottavaBassaBa" />
  <g c="E504" x="0.0" y="-242.0" w="508.0" h="484.0" h-a-x="508" n="repeatBarSlash" />
  <g c="E069" x="0.0" y="-250.0" w="325.0" h="500.0" h-a-x="325" n="unpitchedPercussionClef1" />
  <g c="E06A" x="0.0" y="-396.0" w="257.0" h="791.0" h-a-x="257" n="unpitchedPercussionClef2" />
  <g c="E902" x="-189.0" y="-268.0" w="370.0" h="470.0" h-a-x="181" n="chantFclef" />
  <g c="E906" x="-1.0" y="-202.0" w="182.0" h="404.0" h-a-x="181" n="chantCclef" />
  <g c="E4A2" x="0.0" y="0.0" w="96.0" h="96.0" h-a-x="96" n="articStaccatoAbove" />
  <g c="E4A3" x="0.0" y="-96.0" w="96.0" h="96.0" h-a-x="96" n="articStaccatoBelow" />
  <g c="E4A4" x="0.0" y="0.0" w="346.0" h="36.0" h-a-x="346" n="articTenutoAbove" />
  <g c="E4A5" x="0.0" y="-36.0" w="346.0" h="36.0" h-a-x="346" n="articTenutoBelow" />
  <g c="E4A6" x="0.0" y="0.0" w="110.54" h="244.0" h-a-x="110" n="articStaccatissimoAbove" />
  <g c="E4A7" x="0.0" y="-244.0" w="110.54" h="244.0" h-a-x="110" n="articStaccatissimoBelow" />
  <g c="E4AE" x="0.0" y="0.0" w="273.0" h="375.0" h-a-x="274" n="articMarcatoStaccatoAbove" />
  <g c="E4AF" x="1.0" y="-375.0" w="273.0" h="375.0" h-a-x="274" n="articMarcatoStaccatoBelow" />
  <g c="E4B0" x="0.0" y="0.0" w="346.0" h="346.0" h-a-x="346" n="articAccentStaccatoAbove" />
  <g c="E4B1" x="0.0" y="-346.0" w="346.0" h="346.0" h-a-x="346" n="articAccentStaccatoBelow" />
  <g c="E4B2" x="0.0" y="0.0" w="346.0" h="173.0" h-a-x="346" n="articTenutoStaccatoAbove" />
  <g c="E4B3" x="0.0" y="-173.0" w="346.0" h="173.0" h-a-x="346" n="articTenutoStaccatoBelow" />
  <g c="E4B4" x="0.0" y="0.0" w="346.0" h="308.0" h-a-x="346" n="articTenutoAccentAbove" />
  <g c="E4B5" x="0.0" y="-308.0" w="346.0" h="308.0" h-a-x="346" n="articTenutoAccentBelow" />
  <g c="E4B6" x="0.0" y="0.0" w="195.86" h="194.52" h-a-x="196" n="articStressAbove" />
  <g c="E4B7" x="0.0" y="-194.52" w="195.86" h="194.52" h-a-x="196" n="articStressBelow" />
  <g c="E4B8" x="0.0" y="0.0" w="270.0" h="167.0" h-a-x="270" n="articUnstressAbove" />
  <g c="E4B9" x="0.0" y="-167.0" w="270.0" h="167.0" h-a-x="270" n="articUnstressBelow" />
  <g c="E4BA" x="-0.24" y="0.0" w="234.24" h="96.0" h-a-x="234" n="articLaissezVibrerAbove" />
  <g c="E4BB" x="-0.24" y="-96.0" w="234.24" h="96.0" h-a-x="234" n="articLaissezVibrerBelow" />
  <g c="E4C6" x="1.0" y="0.0" w="788.0" h="439.0" h-a-x="790" n="fermataLongAbove" />
  <g c="E4C7" x="1.0" y="-439.0" w="788.0" h="439.0" h-a-x="790" n="fermataLongBelow" />
  <g c="E4BC" x="0.0" y="0.0" w="347.0" h="350.0" h-a-x="347" n="articMarcatoTenutoAbove" />
  <g c="E4BD" x="0.0" y="-350.0" w="347.0" h="350.0" h-a-x="347" n="articMarcatoTenutoBelow" />
  <g c="E610" x="0.0" y="0.0" w="310.0" h="240.0" h-a-x="310" n="stringsDownBow" />
  <g c="E612" x="0.0" y="0.0" w="283.0" h="338.0" h-a-x="284" n="stringsUpBow" />
  <g c="E613" x="0.0" y="0.0" w="283.0" h="338.0" h-a-x="284" n="stringsUpBowTurned" />
  <g c="E611" x="0.0" y="0.0" w="310.0" h="240.0" h-a-x="310" n="stringsDownBowTurned" />
  <g c="E614" x="0.0" y="0.0" w="206.0" h="206.0" h-a-x="206" n="stringsHarmonic" />
  <g c="E4C8" x="1.0" y="0.0" w="788.0" h="439.0" h-a-x="790" n="fermataVeryLongAbove" />
  <g c="E4C9" x="1.0" y="-439.0" w="788.0" h="439.0" h-a-x="790" n="fermataVeryLongBelow" />
  <g c="E4C4" x="0.0" y="-0.19" w="779.0" h="449.19" h-a-x="779" n="fermataShortAbove" />
  <g c="E4C2" x="0.0" y="-0.19" w="779.0" h="449.19" h-a-x="779" n="fermataVeryShortAbove" />
  <g c="E4C3" x="0.0" y="-449.0" w="779.0" h="449.19" h-a-x="779" n="fermataVeryShortBelow" />
  <g c="E4C5" x="0.0" y="-449.0" w="779.0" h="449.19" h-a-x="779" n="fermataShortBelow" />
  <g c="E4CE" x="0.0" y="0.0" w="180.0" h="300.0" h-a-x="180" n="breathMarkComma" />
  <g c="E93E" x="0.0" y="0.0" w="30.0" h="760.0" h-a-x="30" n="mensuralCombStemUp" />
  <g c="E93F" x="0.0" y="-760.0" w="30.0" h="760.0" h-a-x="30" n="mensuralCombStemDown" />
  <g c="E949" x="0.0" y="0.0" w="180.0" h="760.0" h-a-x="180" n="mensuralCombStemUpFlagSemiminima" />
  <g c="E94B" x="0.0" y="0.0" w="180.0" h="760.0" h-a-x="180" n="mensuralCombStemUpFlagFusa" />
  <g c="E94A" x="0.0" y="-760.0" w="180.0" h="760.0" h-a-x="186" n="mensuralCombStemDownFlagSemiminima" />
  <g c="E94C" x="0.0" y="-760.0" w="180.0" h="760.0" h-a-x="180" n="mensuralCombStemDownFlagFusa" />
  <g c="E9F3" x="0.0" y="0.0" w="40.0" h="250.0" h-a-x="40" n="mensuralRestBrevis" />
  <g c="E9F2" x="0.0" y="-250.0" w="40.0" h="500.0" h-a-x="40" n="mensuralRestLongaImperfecta" />
  <g c="E9F1" x="0.0" y="-500.0" w="40.0" h="1000.0" h-a-x="40" n="mensuralRestLongaPerfecta" />
  <g c="E9F0" x="0.0" y="-500.0" w="130.0" h="1000.0" h-a-x="130" n="mensuralRestMaxima" />
  <g c="E9F4" x="0.0" y="110.0" w="40.0" h="140.0" h-a-x="40" n="mensuralRestSemibrevis" />
  <g c="E9F5" x="0.0" y="0.0" w="40.0" h="140.0" h-a-x="40" n="mensuralRestMinima" />
  <g c="E9F6" x="0.0" y="0.0" w="118.0" h="140.0" h-a-x="118" n="mensuralRestSemiminima" />
  <g c="E9F7" x="0.0" y="0.0" w="118.0" h="140.0" h-a-x="118" n="mensuralRestFusa" />
  <g c="E9F8" x="0.0" y="0.0" w="118.0" h="140.0" h-a-x="118" n="mensuralRestSemifusa" />
  <g c="E26C" x="0.0" y="-260.0" w="90.0" h="520.0" h-a-x="90" n="accidentalBracketLeft" />
  <g c="E26D" x="0.0" y="-260.0" w="90.0" h="520.0" h-a-x="90" n="accidentalBracketRight" />
  <g c="E270" x="-43.0" y="-184.0" w="263.0" h="786.0" h-a-x="221" n="accidentalQuarterToneFlatArrowUp">
    <a n="cutOutNE" x="0.56" y="0.57" />
    <a n="cutOutSE" x="0.5" y="-0.36" />
  </g>
  <g c="E271" x="-42.0" y="-375.0" w="262.0" h="844.0" h-a-x="218" n="accidentalThreeQuarterTonesFlatArrowDown">
    <a n="cutOutNE" x="0.18" y="0.56" />
    <a n="cutOutSE" x="0.52" y="-0.34" />
  </g>
  <g c="E272" x="-45.0" y="-377.0" w="222.0" h="882.0" h-a-x="178" n="accidentalQuarterToneSharpNaturalArrowUp">
    <a n="cutOutNE" x="0.47" y="0.78" />
    <a n="cutOutSW" x="0.63" y="-0.83" />
  </g>
  <g c="E273" x="0.0" y="-505.0" w="222.0" h="882.0" h-a-x="157" n="accidentalQuarterToneFlatNaturalArrowDown">
    <a n="cutOutNE" x="0.08" y="0.77" />
    <a n="cutOutSW" x="0.27" y="-0.83" />
  </g>
  <g c="E274" x="0.0" y="-339.0" w="218.0" h="854.0" h-a-x="197" n="accidentalThreeQuarterTonesSharpArrowUp">
    <a n="cutOutNW" x="0.16" y="0.64" />
    <a n="cutOutSE" x="0.62" y="-0.64" />
    <a n="cutOutSW" x="0.16" y="-0.82" />
  </g>
  <g c="E275" x="0.0" y="-515.0" w="218.0" h="870.0" h-a-x="197" n="accidentalQuarterToneSharpArrowDown">
    <a n="cutOutNE" x="0.62" y="0.84" />
    <a n="cutOutNW" x="0.16" y="0.64" />
    <a n="cutOutSW" x="0.16" y="-0.82" />
  </g>
  <g c="E280" x="0.0" y="-175.0" w="198.0" h="644.0" h-a-x="198" n="accidentalQuarterToneFlatStein">
    <a n="cutOutNW" x="0.7" y="0.58" />
    <a n="cutOutSW" x="0.37" y="-0.33" />
  </g>
  <g c="E281" x="0.0" y="-175.0" w="416.0" h="644.0" h-a-x="416" n="accidentalThreeQuarterTonesFlatZimmermann">
    <a n="cutOutNE" x="0.97" y="0.59" />
    <a n="cutOutNW" x="0.7" y="0.58" />
    <a n="cutOutSE" x="1.34" y="-0.31" />
    <a n="cutOutSW" x="0.34" y="-0.32" />
  </g>
  <g c="E282" x="0.0" y="-339.0" w="106.0" h="667.0" h-a-x="106" n="accidentalQuarterToneSharpStein">
    <a n="cutOutNE" x="0.25" y="0.72" />
    <a n="cutOutNW" x="0.16" y="0.65" />
    <a n="cutOutSE" x="0.26" y="-0.75" />
    <a n="cutOutSW" x="0.16" y="-0.81" />
  </g>
  <g c="E283" x="0.0" y="-373.0" w="303.0" h="728.0" h-a-x="303" n="accidentalThreeQuarterTonesSharpStein">
    <a n="cutOutNE" x="1.05" y="0.82" />
    <a n="cutOutNW" x="0.16" y="0.52" />
    <a n="cutOutSE" x="1.05" y="-0.64" />
    <a n="cutOutSW" x="0.16" y="-0.95" />
  </g>
  <g c="E242" x="0.0" y="-779.0" w="276.0" h="779.0" h-a-x="274" n="flag16thUp" />
  <g c="E244" x="0.0" y="-779.0" w="276.0" h="969.0" h-a-x="274" n="flag32ndUp" />
  <g c="E246" x="0.0" y="-779.0" w="276.0" h="1159.0" h-a-x="274" n="flag64thUp" />
  <g c="E248" x="0.0" y="-779.0" w="276.0" h="1349.0" h-a-x="274" n="flag128thUp" />
  <g c="E24A" x="0.0" y="-779.0" w="276.0" h="1539.0" h-a-x="274" n="flag256thUp" />
  <g c="E243" x="0.0" y="0.0" w="276.0" h="761.0" h-a-x="274" n="flag16thDown" />
  <g c="E245" x="0.0" y="-190.0" w="276.0" h="950.0" h-a-x="274" n="flag32ndDown" />
  <g c="E247" x="0.0" y="-380.0" w="276.0" h="1140.0" h-a-x="274" n="flag64thDown" />
  <g c="E249" x="0.0" y="-570.0" w="276.0" h="1329.0" h-a-x="274" n="flag128thDown" />
  <g c="E24B" x="0.0" y="-760.0" w="276.0" h="1518.0" h-a-x="274" n="flag256thDown" />
  <g c="E4EB" x="-1.0" y="-955.0" w="642.0" h="1632.0" h-a-x="642" n="rest256th" />
  <g c="E4EC" x="-1.0" y="-955.0" w="721.0" h="1868.0" h-a-x="720" n="rest512th" />
  <g c="E4ED" x="-1.0" y="-955.0" w="795.0" h="2099.0" h-a-x="795" n="rest1024th" />
  <g c="E08D" x="0.0" y="-126.0" w="253.0" h="252.0" h-a-x="253" n="timeSigPlusSmall" />
  <g c="E08C" x="0.0" y="-171.0" w="342.0" h="342.0" h-a-x="342" n="timeSigPlus" />
  <g c="E59E" x="0.0" y="0.0" w="375.0" h="192.0" h-a-x="375" n="ornamentZigZagLineWithRightEnd" />
  <g c="E59D" x="0.0" y="0.0" w="306.0" h="192.0" h-a-x="244" n="ornamentZigZagLineNoRightEnd" />
  <g c="EAAA" x="-6.34" y="0.0" w="210.68" h="112.0" h-a-x="198" n="wiggleArpeggiatoDown" />
  <g c="EAA9" x="-6.34" y="0.0" w="210.68" h="112.0" h-a-x="198" n="wiggleArpeggiatoUp" />
  <g c="EAAD" x="0.0" y="-44.0" w="370.0" h="200.0" h-a-x="370" n="wiggleArpeggiatoUpArrow" />
  <g c="EAAE" x="0.0" y="-44.0" w="370.0" h="200.0" h-a-x="370" n="wiggleArpeggiatoDownArrow" />
  <g c="E659" x="0.0" y="-14.0" w="969.0" h="549.0" h-a-x="969" n="keyboardPedalSost" />
  <g c="E910" x="0.0" y="-240.0" w="480.0" h="480.0" h-a-x="480" n="mensuralProlation1" />
  <g c="E911" x="0.0" y="-240.0" w="480.0" h="480.0" h-a-x="480" n="mensuralProlation2" />
  <g c="E912" x="0.0" y="-408.0" w="480.0" h="816.0" h-a-x="480" n="mensuralProlation3" />
  <g c="E913" x="0.0" y="-408.0" w="480.0" h="816.0" h-a-x="480" n="mensuralProlation4" />
  <g c="E91B" x="-26.0" y="-266.0" w="532.0" h="532.0" h-a-x="480" n="mensuralProportionTempusPerfectum" />
  <g c="E91C" x="-75.0" y="-240.0" w="625.0" h="480.0" h-a-x="480" n="mensuralProportionProportioDupla1" />
  <g c="E914" x="0.0" y="-240.0" w="450.0" h="480.0" h-a-x="450" n="mensuralProlation5" />
  <g c="E917" x="0.0" y="-408.0" w="450.0" h="816.0" h-a-x="450" n="mensuralProlation8" />
  <g c="E91E" x="-26.0" y="-266.0" w="532.0" h="532.0" h-a-x="450" n="mensuralProportionProportioTripla" />
  <g c="E920" x="0.0" y="-63.0" w="126.0" h="126.0" h-a-x="126" n="mensuralProlationCombiningDot" />
  <g c="E921" x="0.0" y="-47.0" w="223.0" h="93.0" h-a-x="223" n="mensuralProlationCombiningTwoDots" />
  <g c="E922" x="0.0" y="-40.0" w="292.0" h="80.0" h-a-x="292" n="mensuralProlationCombiningThreeDots" />
  <g c="E923" x="0.0" y="-88.0" w="196.0" h="176.0" h-a-x="196" n="mensuralProlationCombiningThreeDotsTri" />
  <g c="E924" x="0.0" y="-131.0" w="264.0" h="262.0" h-a-x="264" n="mensuralProlationCombiningDotVoid" />
  <g c="E925" x="0.0" y="-408.0" w="36.0" h="816.0" h-a-x="36" n="mensuralProlationCombiningStroke" />
  <g c="E918" x="0.0" y="-408.0" w="450.0" h="816.0" h-a-x="450" n="mensuralProlation9" />
  <g c="E915" x="0.0" y="-240.0" w="450.0" h="480.0" h-a-x="450" n="mensuralProlation6" />
  <g c="E916" x="30.0" y="-240.0" w="450.0" h="480.0" h-a-x="480" n="mensuralProlation7" />
  <g c="E919" x="30.0" y="-408.0" w="450.0" h="816.0" h-a-x="480" n="mensuralProlation10" />
  <g c="E91A" x="30.0" y="-240.0" w="450.0" h="480.0" h-a-x="480" n="mensuralProlation11" />
  <g c="E91F" x="-26.0" y="-266.0" w="532.0" h="532.0" h-a-x="480" n="mensuralProportionProportioQuadrupla" />
  <g c="E91D" x="-26.0" y="-266.0" w="532.0" h="532.0" h-a-x="450" n="mensuralProportionProportioDupla2" />
  <g c="EBE0" x="17.0" y="-3.0" w="226.0" h="252.0" h-a-x="220" n="luteItalianFret0" />
  <g c="EBE1" x="18.0" y="-4.0" w="155.0" h="253.0" h-a-x="148" n="luteItalianFret1" />
  <g c="EBE2" x="16.0" y="-3.0" w="173.0" h="252.0" h-a-x="166" n="luteItalianFret2" />
  <g c="EBE3" x="17.0" y="-3.0" w="172.0" h="252.0" h-a-x="166" n="luteItalianFret3" />
  <g c="EBE4" x="16.0" y="-3.0" w="205.0" h="252.0" h-a-x="198" n="luteItalianFret4" />
  <g c="EBE5" x="17.0" y="-3.0" w="155.0" h="257.0" h-a-x="149" n="luteItalianFret5" />
  <g c="EBE6" x="17.0" y="-3.0" w="182.0" h="252.0" h-a-x="176" n="luteItalianFret6" />
  <g c="EBE7" x="17.0" y="-3.0" w="168.0" h="252.0" h-a-x="162" n="luteItalianFret7" />
  <g c="EBE8" x="17.0" y="-3.0" w="194.0" h="252.0" h-a-x="188" n="luteItalianFret8" />
  <g c="EBE9" x="17.0" y="-3.0" w="185.0" h="252.0" h-a-x="179" n="luteItalianFret9" />
  <g c="EBA7" x="0.0" y="0.0" w="88.0" h="791.0" h-a-x="88" n="luteDurationWhole" />
  <g c="EBA8" x="-1.0" y="0.0" w="405.0" h="795.0" h-a-x="403" n="luteDurationHalf" />
  <g c="EBAA" x="0.0" y="0.0" w="392.0" h="781.0" h-a-x="393" n="luteDuration8th" />
  <g c="EBA9" x="0.0" y="0.0" w="390.0" h="785.0" h-a-x="389" n="luteDurationQuarter" />
  <g c="EBAB" x="0.0" y="-1.0" w="392.0" h="787.0" h-a-x="392" n="luteDuration16th" />
  <g c="EBAC" x="0.0" y="-1.0" w="386.0" h="854.0" h-a-x="381" n="luteDuration32nd" />
  <g c="E24C" x="0.0" y="-779.0" w="277.0" h="1729.0" h-a-x="274" n="flag512thUp" />
  <g c="E24D" x="0.0" y="-950.0" w="277.0" h="1729.0" h-a-x="274" n="flag512thDown" />
  <g c="E24E" x="0.0" y="-779.0" w="280.0" h="1919.0" h-a-x="274" n="flag1024thUp" />
  <g c="E24F" x="0.0" y="-1140.0" w="280.0" h="1919.0" h-a-x="274" n="flag1024thDown" />
  <g c="EBC0" x="-0.6" y="0.0" w="279.6" h="202.8" h-a-x="280" n="luteFrenchFretA" />
  <g c="EBC1" x="-1.0" y="-0.0" w="227.6" h="313.2" h-a-x="227" n="luteFrenchFretB" />
  <g c="EBC2" x="0.6" y="0.8" w="251.6" h="233.2" h-a-x="253" n="luteFrenchFretC" />
  <g c="EBC3" x="0.2" y="0.4" w="413.2" h="306.0" h-a-x="413" n="luteFrenchFretD" />
  <g c="EBC4" x="0.0" y="0.0" w="187.6" h="276.4" h-a-x="187" n="luteFrenchFretE" />
  <g c="EBC5" x="0.0" y="0.0" w="211.75" h="355.0" h-a-x="212" n="luteFrenchFretF" />
  <g c="EBC6" x="-0.2" y="-0.23" w="321.2" h="319.63" h-a-x="321" n="luteFrenchFretG" />
  <g c="EBC7" x="0.0" y="0.0" w="289.0" h="328.0" h-a-x="289" n="luteFrenchFretH" />
  <g c="EBC8" x="1.0" y="0.0" w="151.0" h="267.0" h-a-x="153" n="luteFrenchFretI" />
  <g c="EBC9" x="0.0" y="0.0" w="161.0" h="355.0" h-a-x="160" n="luteFrenchFretK" />
  <g c="EBCA" x="1.0" y="0.0" w="232.0" h="348.0" h-a-x="233" n="luteFrenchFretL" />
  <g c="EBCB" x="-1.0" y="-1.0" w="550.0" h="229.2" h-a-x="549" n="luteFrenchFretM" />
  <g c="EBCC" x="0.2" y="-0.2" w="341.2" h="210.8" h-a-x="341" n="luteFrenchFretN" />
  <g c="E000" x="0.11" y="1.15" w="92.63" h="997.71" h-a-x="1000" n="brace" />
  <g c="E645" x="-150.0" y="0.0" w="300.0" h="300.0" h-a-x="150" n="vocalSprechgesang" />
  <g c="E0A9" x="0.0" y="-125.0" w="290.0" h="250.0" h-a-x="290" n="noteheadXBlack">
    <a n="stemDownNW" x="0.0" y="-0.44" />
    <a n="stemUpSE" x="1.16" y="0.44" />
  </g>
  <g c="E0AF" x="-1.0" y="-133.0" w="267.0" h="266.0" h-a-x="266" n="noteheadPlusBlack">
    <a n="stemDownNW" x="0.0" y="0.0" />
    <a n="stemUpSE" x="1.06" y="0.0" />
  </g>
  <g c="E0DB" x="0.0" y="-160.0" w="314.0" h="320.0" h-a-x="314" n="noteheadDiamondBlack">
    <a n="stemDownNW" x="0.0" y="0.0" />
    <a n="stemUpSE" x="1.26" y="0.0" />
  </g>
  <g c="E0DC" x="0.0" y="-125.0" w="350.0" h="250.0" h-a-x="350" n="noteheadDiamondBlackWide">
    <a n="stemDownNW" x="0.0" y="0.0" />
    <a n="stemUpSE" x="1.4" y="0.0" />
  </g>
  <g c="E0DD" x="0.0" y="-160.0" w="314.0" h="320.0" h-a-x="314" n="noteheadDiamondWhite">
    <a n="stemDownNW" x="-0.0" y="-0.0" />
    <a n="stemUpSE" x="1.26" y="0.0" />
  </g>
  <g c="E0DE" x="0.0" y="-125.0" w="350.0" h="250.0" h-a-x="350" n="noteheadDiamondWhiteWide">
    <a n="stemDownNW" x="-0.0" y="-0.0" />
    <a n="stemUpSE" x="1.4" y="-0.0" />
  </g>
  <g c="E0D9" x="0.0" y="-162.0" w="314.0" h="324.0" h-a-x="314" n="noteheadDiamondHalf">
    <a n="stemDownNW" x="-0.0" y="0.0" />
    <a n="stemUpSE" x="1.26" y="0.0" />
  </g>
  <g c="E22A" x="-155.0" y="-116.0" w="311.0" h="232.0" h-a-x="156" n="buzzRoll" />
  <g c="E0B7" x="0.0" y="-125.0" w="289.0" h="250.0" h-a-x="289" n="noteheadVoidWithX">
    <a n="stemDownNW" x="0.0" y="-0.15" />
    <a n="stemUpSE" x="1.16" y="0.15" />
  </g>
  <g c="E0B5" x="0.0" y="-133.0" w="405.0" h="266.0" h-a-x="405" n="noteheadWholeWithX">
    <a n="cutOutNW" x="0.06" y="0.24" />
    <a n="cutOutSE" x="1.57" y="-0.23" />
    <a n="stemDownNW" x="0.0" y="0.0" />
    <a n="stemUpSE" x="1.62" y="0.0" />
  </g>
  <g c="E0B6" x="0.0" y="-132.0" w="314.0" h="270.0" h-a-x="314" n="noteheadHalfWithX">
    <a n="cutOutNW" x="0.14" y="0.24" />
    <a n="cutOutSE" x="1.08" y="-0.24" />
    <a n="stemDownNW" x="-0.0" y="-0.14" />
    <a n="stemUpSE" x="1.26" y="0.16" />
  </g>
  <g c="E5B0" x="0.0" y="-2.0" w="980.0" h="274.0" h-a-x="980" n="ornamentPrecompSlide" />
  <g c="E5B1" x="0.0" y="-160.0" w="1040.0" h="400.0" h-a-x="1040" n="ornamentPrecompDescendingSlide" />
  <g c="E5B2" x="0.0" y="-2.0" w="849.0" h="402.0" h-a-x="849" n="ornamentPrecompAppoggTrill" />
  <g c="E5B3" x="0.0" y="-2.0" w="855.0" h="523.0" h-a-x="855" n="ornamentPrecompAppoggTrillSuffix" />
  <g c="E5B4" x="1.0" y="-2.0" w="1498.0" h="374.0" h-a-x="1105" n="ornamentPrecompTurnTrillDAnglebert" />
  <g c="E5B5" x="0.0" y="-317.0" w="1076.0" h="590.0" h-a-x="1076" n="ornamentPrecompSlideTrillDAnglebert" />
  <g c="E5B6" x="0.0" y="-317.0" w="1292.0" h="867.89" h-a-x="1048" n="ornamentPrecompSlideTrillMarpurg" />
  <g c="E5B7" x="1.0" y="-90.0" w="1329.0" h="444.0" h-a-x="1330" n="ornamentPrecompTurnTrillBach" />
  <g c="E5B8" x="0.0" y="-317.0" w="1076.0" h="636.0" h-a-x="1076" n="ornamentPrecompSlideTrillBach" />
  <g c="E5B9" x="0.0" y="-249.0" w="1369.0" h="621.0" h-a-x="1369" n="ornamentPrecompSlideTrillMuffat" />
  <g c="E5BA" x="-369.0" y="-249.0" w="1190.0" h="799.89" h-a-x="820" n="ornamentPrecompSlideTrillSuffixMuffat" />
  <g c="E5BB" x="0.0" y="-2.0" w="1064.0" h="552.89" h-a-x="820" n="ornamentPrecompTrillSuffixDandrieu" />
  <g c="E5BC" x="0.0" y="-91.0" w="1227.0" h="400.0" h-a-x="1227" n="ornamentPrecompPortDeVoixMordent" />
  <g c="E5BD" x="0.0" y="-90.0" w="830.0" h="399.0" h-a-x="830" n="ornamentPrecompTrillWithMordent" />
  <g c="E5BE" x="0.0" y="-2.0" w="983.0" h="271.0" h-a-x="983" n="ornamentPrecompCadence" />
  <g c="E5BF" x="0.0" y="-80.0" w="983.0" h="400.0" h-a-x="983" n="ornamentPrecompCadenceWithTurn" />
  <g c="E5C0" x="0.0" y="-2.0" w="1227.0" h="271.0" h-a-x="1227" n="ornamentPrecompDoubleCadenceLowerPrefix" />
  <g c="E5C1" x="0.0" y="-90.0" w="1005.0" h="330.0" h-a-x="1005" n="ornamentPrecompCadenceUpperPrefix" />
  <g c="E5C2" x="0.0" y="-90.0" w="1005.0" h="400.0" h-a-x="1005" n="ornamentPrecompCadenceUpperPrefixTurn" />
  <g c="E5C3" x="0.0" y="-90.0" w="1249.0" h="330.0" h-a-x="1249" n="ornamentPrecompDoubleCadenceUpperPrefix" />
  <g c="E5C4" x="0.0" y="-90.0" w="1249.0" h="400.0" h-a-x="1249" n="ornamentPrecompDoubleCadenceUpperPrefixTurn" />
  <g c="E5C5" x="0.0" y="-2.0" w="821.0" h="552.89" h-a-x="820" n="ornamentPrecompMordentRelease" />
  <g c="E5C6" x="1.0" y="-2.0" w="1104.0" h="370.0" h-a-x="1105" n="ornamentPrecompMordentUpperPrefix" />
  <g c="E5C7" x="1.0" y="-80.0" w="1104.0" h="448.0" h-a-x="1105" n="ornamentPrecompInvertedMordentUpperPrefix" />
  <g c="E5C8" x="0.0" y="-243.0" w="756.0" h="483.0" h-a-x="756" n="ornamentPrecompTrillLowerSuffix" />
  <g c="E56F" x="0.0" y="-107.0" w="500.0" h="397.0" h-a-x="500" n="ornamentHaydn" />
  <g c="E587" x="0.0" y="-2.0" w="999.0" h="374.0" h-a-x="1000" n="ornamentSchleifer" />
  <g c="E651" x="0.0" y="0.0" w="320.0" h="514.0" h-a-x="320" n="keyboardPedalP" />
  <g c="E65A" x="0.0" y="-14.0" w="378.0" h="549.0" h-a-x="378" n="keyboardPedalS" />
  <g c="E4E4" x="0.0" y="0.0" w="300.0" h="125.0" h-a-x="300" n="restHalf" />
  <g c="E4E3" x="0.0" y="-125.0" w="300.0" h="125.0" h-a-x="300" n="restWhole" />
  <g c="E4E2" x="0.0" y="0.0" w="125.0" h="250.0" h-a-x="125" n="restDoubleWhole" />
  <g c="E4E1" x="0.0" y="-250.0" w="125.0" h="500.0" h-a-x="125" n="restLonga" />
  <g c="E4E0" x="0.0" y="-250.0" w="375.0" h="500.0" h-a-x="375" n="restMaxima" />
  <g c="E583" x="0.0" y="0.0" w="26.0" h="330.0" h-a-x="26" n="ornamentVerticalLine" />
  <g c="E440" x="0.0" y="-175.0" w="247.0" h="644.0" h-a-x="247" n="accidentalBuyukMucennebFlat">
    <a n="cutOutNE" x="0.32" y="1.48" />
    <a n="cutOutSE" x="0.63" y="-0.34" />
  </g>
  <g c="E441" x="0.0" y="-175.0" w="198.0" h="644.0" h-a-x="200" n="accidentalKucukMucennebFlat">
    <a n="cutOutNE" x="0.1" y="0.56" />
    <a n="cutOutSE" x="0.43" y="-0.34" />
  </g>
  <g c="E442" x="0.0" y="-175.0" w="247.0" h="644.0" h-a-x="247" n="accidentalBakiyeFlat">
    <a n="cutOutNE" x="0.31" y="1.32" />
    <a n="cutOutSE" x="0.63" y="-0.34" />
  </g>
  <g c="E443" x="0.0" y="-175.0" w="198.0" h="644.0" h-a-x="198" n="accidentalKomaFlat">
    <a n="cutOutNW" x="0.7" y="0.58" />
    <a n="cutOutSW" x="0.37" y="-0.33" />
  </g>
  <g c="E444" x="0.0" y="-339.0" w="106.0" h="667.0" h-a-x="106" n="accidentalKomaSharp">
    <a n="cutOutNE" x="0.25" y="0.72" />
    <a n="cutOutNW" x="0.16" y="0.65" />
    <a n="cutOutSE" x="0.26" y="-0.75" />
    <a n="cutOutSW" x="0.16" y="-0.81" />
  </g>
  <g c="E446" x="0.0" y="-339.0" w="210.0" h="667.0" h-a-x="210" n="accidentalKucukMucennebSharp">
    <a n="cutOutNE" x="0.45" y="0.72" />
    <a n="cutOutNW" x="0.36" y="0.65" />
    <a n="cutOutSE" x="0.46" y="-0.75" />
    <a n="cutOutSW" x="0.36" y="-0.81" />
  </g>
  <g c="E445" x="0.0" y="-339.0" w="197.0" h="694.0" h-a-x="197" n="accidentalBakiyeSharp">
    <a n="cutOutNE" x="0.62" y="0.84" />
    <a n="cutOutNW" x="0.16" y="0.64" />
    <a n="cutOutSE" x="0.62" y="-0.64" />
    <a n="cutOutSW" x="0.16" y="-0.82" />
  </g>
  <g c="E447" x="0.0" y="-339.0" w="239.0" h="694.0" h-a-x="239" n="accidentalBuyukMucennebSharp">
    <a n="cutOutNE" x="0.71" y="0.84" />
    <a n="cutOutNW" x="0.25" y="0.64" />
    <a n="cutOutSE" x="0.71" y="-0.64" />
    <a n="cutOutSW" x="0.25" y="-0.82" />
  </g>
  <g c="E073" x="-1.0" y="-655.0" w="647.0" h="1738.0" h-a-x="646" n="gClefReversed" />
  <g c="E074" x="-1.0" y="-1083.0" w="647.0" h="1738.0" h-a-x="646" n="gClefTurned" />
  <g c="E076" x="4.0" y="-581.0" w="694.0" h="832.0" h-a-x="698" n="fClefReversed" />
  <g c="E077" x="4.0" y="-581.0" w="694.0" h="832.0" h-a-x="698" n="fClefTurned" />
  <g c="E075" x="0.0" y="-502.0" w="606.0" h="1004.0" h-a-x="606" n="cClefReversed" />
  <g c="E07A" x="-1.0" y="-509.0" w="503.0" h="1350.0" h-a-x="502" n="gClefChange" />
  <g c="E07B" x="0.0" y="-406.0" w="490.0" h="812.0" h-a-x="490" n="cClefChange" />
  <g c="E07C" x="3.0" y="-508.0" w="607.0" h="727.0" h-a-x="610" n="fClefChange" />
  <g c="E06D" x="-3.0" y="-750.0" w="411.0" h="1500.0" h-a-x="409" n="6stringTabClef" />
  <g c="E06E" x="-3.0" y="-500.0" w="275.0" h="1000.0" h-a-x="271" n="4stringTabClef" />
  <g c="E055" x="-1.0" y="-655.0" w="1039.0" h="1738.0" h-a-x="646" n="gClef8vbOld" />
  <g c="E056" x="-1.0" y="-655.0" w="764.0" h="1738.0" h-a-x="750" n="gClef8vbCClef" />
  <g c="E51A" x="0.0" y="-25.0" w="115.0" h="350.44" h-a-x="115" n="octaveParensLeft" />
  <g c="E51B" x="0.0" y="-25.0" w="115.0" h="350.0" h-a-x="115" n="octaveParensRight" />
  <g c="E0F5" x="0.0" y="-240.0" w="153.0" h="480.0" h-a-x="100" n="noteheadParenthesisLeft" />
  <g c="E0F6" x="-53.0" y="-240.0" w="153.0" h="480.0" h-a-x="100" n="noteheadParenthesisRight" />
  <g c="E102" x="0.0" y="-250.0" w="900.0" h="500.0" h-a-x="900" n="noteheadSlashWhiteWhole">
    <a n="stemDownNW" x="0.0" y="-1.0" />
    <a n="stemUpSE" x="3.6" y="1.0" />
  </g>
  <g c="E103" x="0.0" y="-250.0" w="735.0" h="500.0" h-a-x="735" n="noteheadSlashWhiteHalf">
    <a n="stemDownNW" x="0.0" y="-1.0" />
    <a n="stemUpSE" x="2.94" y="1.0" />
  </g>
  <g c="E0DA" x="0.0" y="-162.0" w="352.0" h="324.0" h-a-x="314" n="noteheadDiamondHalfWide">
    <a n="stemDownNW" x="-0.0" y="0.0" />
    <a n="stemUpSE" x="1.41" y="0.0" />
  </g>
  <g c="E4F2" x="0.0" y="-250.0" w="276.0" h="433.0" h-a-x="277" n="restQuarterOld" />
  <g c="E4F6" x="0.0" y="-260.0" w="304.0" h="443.0" h-a-x="304" n="restQuarterZ" />
  <g c="E630" x="0.0" y="0.0" w="206.0" h="266.0" h-a-x="206" n="pluckedSnapPizzicatoBelow" />
  <g c="E631" x="0.0" y="0.0" w="206.0" h="266.0" h-a-x="206" n="pluckedSnapPizzicatoAbove" />
  <g c="E632" x="0.0" y="0.0" w="266.0" h="206.0" h-a-x="266" n="pluckedBuzzPizzicato" />
  <g c="E633" x="0.0" y="0.0" w="330.0" h="330.0" h-a-x="330" n="pluckedLeftHandPizzicato" />
  <g c="E638" x="0.0" y="0.0" w="330.0" h="330.0" h-a-x="330" n="pluckedDamp" />
  <g c="E9E3" x="0.0" y="-124.06" w="292.0" h="248.12" h-a-x="292" n="medRenSharpCroix" />
  <g c="E9E0" x="0.0" y="-140.0" w="217.0" h="553.0" h-a-x="217" n="medRenFlatSoftB" />
  <g c="E9E1" x="0.0" y="-140.0" w="186.0" h="560.0" h-a-x="186" n="medRenFlatHardB" />
  <g c="E9E2" x="0.0" y="-254.0" w="102.0" h="507.0" h-a-x="102" n="medRenNatural" />
  <g c="E51C" x="0.0" y="0.0" w="620.0" h="332.0" h-a-x="620" n="ottavaBassaVb" />
  <g c="E51D" x="3.0" y="-8.0" w="881.0" h="329.0" h-a-x="884" n="quindicesimaBassaMb" />
  <g c="E51E" x="0.0" y="-15.0" w="959.0" h="326.0" h-a-x="959" n="ventiduesimaBassaMb" />
  <g c="E908" x="1.0" y="-392.0" w="205.58" h="1046.0" h-a-x="204" n="mensuralCclefPetrucciPosLow" />
  <g c="E907" x="1.0" y="-302.0" w="205.58" h="956.0" h-a-x="204" n="mensuralCclefPetrucciPosLowest" />
  <g c="E90A" x="1.0" y="-654.0" w="205.58" h="1046.0" h-a-x="204" n="mensuralCclefPetrucciPosHigh" />
  <g c="E90B" x="1.0" y="-654.0" w="205.58" h="956.0" h-a-x="204" n="mensuralCclefPetrucciPosHighest" />
  <g c="E08E" x="0.0" y="-243.0" w="186.0" h="486.0" h-a-x="186" n="timeSigFractionalSlash" />
  <g c="E08F" x="0.0" y="-120.0" w="342.0" h="240.0" h-a-x="342" n="timeSigEquals" />
  <g c="E090" x="0.0" y="-37.0" w="342.0" h="74.0" h-a-x="342" n="timeSigMinus" />
  <g c="E091" x="0.0" y="-167.0" w="334.0" h="334.0" h-a-x="334" n="timeSigMultiply" />
  <g c="E092" x="0.0" y="-250.44" w="134.0" h="500.89" h-a-x="134" n="timeSigParensLeftSmall" />
  <g c="E093" x="0.0" y="-250.44" w="134.0" h="500.89" h-a-x="134" n="timeSigParensRightSmall" />
  <g c="E094" x="0.0" y="-501.0" w="220.0" h="1002.0" h-a-x="220" n="timeSigParensLeft" />
  <g c="E095" x="0.0" y="-501.0" w="220.0" h="1002.0" h-a-x="220" n="timeSigParensRight" />
  <g c="ED40" x="0.0" y="0.0" w="720.0" h="236.0" h-a-x="720" n="articSoftAccentAbove" />
  <g c="ED41" x="0.0" y="-236.0" w="720.0" h="236.0" h-a-x="720" n="articSoftAccentBelow" />
  <g c="EAAF" x="-9.07" y="0.0" w="215.87" h="112.0" h-a-x="198" n="wiggleGlissando" />
  <g c="EAA4" x="-12.18" y="0.0" w="222.36" h="112.0" h-a-x="198" n="wiggleTrill" />
  <g c="E5E5" x="0.0" y="0.0" w="330.0" h="330.0" h-a-x="330" n="brassMuteClosed" />
  <g c="E5E6" x="0.0" y="0.0" w="330.0" h="330.0" h-a-x="330" n="brassMuteHalfClosed" />
  <g c="E5E7" x="0.0" y="0.0" w="330.0" h="330.0" h-a-x="330" n="brassMuteOpen" />
  <g c="E0A0" x="0.0" y="-170.0" w="545.0" h="340.0" h-a-x="545" n="noteheadDoubleWhole" />
  <g c="E0A1" x="0.0" y="-170.0" w="348.0" h="340.0" h-a-x="348" n="noteheadDoubleWholeSquare" />
  <g c="EA02" x="0.0" y="-2.0" w="772.0" h="396.0" h-a-x="772" n="mensuralCustosUp" />
  <g c="EA06" x="0.0" y="-96.0" w="64.0" h="410.0" h-a-x="64" n="chantCustosStemUpPosMiddle" />
  <g c="E043" x="0.0" y="325.0" w="100.0" h="350.0" h-a-x="100" n="repeatDots" />
  <g c="E044" x="0.0" y="-50.0" w="100.0" h="100.0" h-a-x="100" n="repeatDot" />
  <g c="E049" x="0.0" y="-73.0" w="537.0" h="653.0" h-a-x="537" n="codaSquare" />
  <g c="E503" x="0.0" y="73.0" w="95.0" h="94.0" h-a-x="95" n="repeatBarUpperDot" />
  <g c="E505" x="0.0" y="-166.0" w="95.0" h="94.0" h-a-x="95" n="repeatBarLowerDot" />
  <g c="EBA6" x="-82.0" y="0.0" w="174.0" h="791.0" h-a-x="92" n="luteDurationDoubleWhole" />
  <g c="E0A5" x="0.0" y="0.0" w="0.0" h="0.0" h-a-x="314" n="noteheadNull" />
  <g c="E940" x="-209.0" y="-209.0" w="418.0" h="418.0" h-a-x="0" n="mensuralCombStemDiagonal" />
  <g c="E905" x="0.0" y="-500.0" w="526.0" h="1000.0" h-a-x="526" n="mensuralCclef" />
  <g c="E941" x="0.0" y="0.0" w="200.0" h="760.0" h-a-x="200" n="mensuralCombStemUpFlagRight" />
  <g c="E942" x="0.0" y="-760.0" w="200.0" h="760.0" h-a-x="200" n="mensuralCombStemDownFlagRight" />
  <g c="E943" x="0.0" y="0.0" w="200.0" h="760.0" h-a-x="200" n="mensuralCombStemUpFlagLeft" />
  <g c="E944" x="0.0" y="-760.0" w="200.0" h="760.0" h-a-x="200" n="mensuralCombStemDownFlagLeft" />
  <g c="E945" x="0.0" y="0.0" w="200.0" h="760.0" h-a-x="200" n="mensuralCombStemUpFlagFlared" />
  <g c="E946" x="0.0" y="-760.0" w="200.0" h="760.0" h-a-x="200" n="mensuralCombStemDownFlagFlared" />
  <g c="E947" x="-120.0" y="0.0" w="320.0" h="760.0" h-a-x="211" n="mensuralCombStemUpFlagExtended" />
  <g c="E948" x="-120.0" y="-760.0" w="320.0" h="760.0" h-a-x="211" n="mensuralCombStemDownFlagExtended" />
  <g c="EBCD" x="-1.0" y="-6.0" w="280.0" h="203.0" h-a-x="280" n="luteFrench7thCourse" />
  <g c="EBCE" x="0.0" y="-16.0" w="410.0" h="285.0" h-a-x="410" n="luteFrench8thCourse" />
  <g c="EBCF" x="0.0" y="-16.0" w="510.0" h="285.0" h-a-x="510" n="luteFrench9thCourse" />
  <g c="EBD0" x="0.0" y="-16.0" w="610.0" h="285.0" h-a-x="610" n="luteFrench10thCourse" />
  <g c="EC85" x="20.0" y="-319.0" w="402.0" h="637.0" h-a-x="442" n="timeSigCut2" />
  <g c="EC86" x="20.0" y="-319.0" w="372.0" h="637.0" h-a-x="412" n="timeSigCut3" />
  <g c="E903" x="0.0" y="-220.0" w="515.0" h="440.0" h-a-x="515" n="mensuralFclef" />
  <g c="EC80" x="0.0" y="-590.0" w="120.0" h="1180.0" h-a-x="120" n="timeSigBracketLeft" />
  <g c="EC81" x="0.0" y="-590.0" w="120.0" h="1180.0" h-a-x="120" n="timeSigBracketRight" />
  <g c="EC82" x="0.0" y="-340.0" w="120.0" h="680.0" h-a-x="120" n="timeSigBracketLeftSmall" />
  <g c="EC83" x="-1.0" y="-340.0" w="121.0" h="680.0" h-a-x="120" n="timeSigBracketRightSmall" />
  <g c="EC84" x="0.0" y="-518.0" w="354.0" h="1036.0" h-a-x="354" n="timeSigSlash" />
  <g c="E22E" x="0.0" y="0.0" w="246.0" h="96.0" h-a-x="246" n="tremoloDivisiDots2" />
  <g c="E22F" x="0.0" y="0.0" w="396.0" h="96.0" h-a-x="396" n="tremoloDivisiDots3" />
  <g c="E230" x="0.0" y="0.0" w="546.0" h="96.0" h-a-x="546" n="tremoloDivisiDots4" />
  <g c="E231" x="0.0" y="0.0" w="396.0" h="246.0" h-a-x="396" n="tremoloDivisiDots6" />
  <g c="E7E3" x="0.0" y="0.0" w="468.0" h="752.0" h-a-x="469" n="pictBeaterHand" />
  <g c="E7E4" x="0.0" y="0.0" w="468.0" h="714.0" h-a-x="469" n="pictBeaterFinger" />
  <g c="E7E5" x="0.0" y="0.0" w="468.0" h="477.44" h-a-x="469" n="pictBeaterFist" />
  <g c="E770" x="0.0" y="0.0" w="230.0" h="739.0" h-a-x="230" n="pictBeaterSoftXylophoneUp" />
  <g c="E774" x="0.0" y="0.0" w="230.0" h="739.0" h-a-x="230" n="pictBeaterMediumXylophoneUp" />
  <g c="E778" x="0.0" y="0.0" w="230.0" h="739.0" h-a-x="230" n="pictBeaterHardXylophoneUp" />
  <g c="E771" x="0.0" y="0.0" w="230.0" h="739.0" h-a-x="230" n="pictBeaterSoftXylophoneDown" />
  <g c="E772" x="1.0" y="0.0" w="390.0" h="686.0" h-a-x="393" n="pictBeaterSoftXylophoneRight" />
  <g c="E773" x="0.0" y="0.0" w="391.0" h="686.0" h-a-x="393" n="pictBeaterSoftXylophoneLeft" />
  <g c="E775" x="0.0" y="0.0" w="230.0" h="739.0" h-a-x="230" n="pictBeaterMediumXylophoneDown" />
  <g c="E776" x="10.0" y="0.0" w="391.0" h="686.0" h-a-x="392" n="pictBeaterMediumXylophoneRight" />
  <g c="E779" x="0.0" y="0.0" w="230.0" h="739.0" h-a-x="230" n="pictBeaterHardXylophoneDown" />
  <g c="E777" x="-1.0" y="0.0" w="391.0" h="686.0" h-a-x="392" n="pictBeaterMediumXylophoneLeft" />
  <g c="E77B" x="0.0" y="-1.0" w="391.0" h="686.0" h-a-x="392" n="pictBeaterHardXylophoneLeft" />
  <g c="E77A" x="1.0" y="-1.0" w="390.0" h="686.0" h-a-x="392" n="pictBeaterHardXylophoneRight" />
  <g c="E77C" x="0.0" y="0.0" w="230.0" h="739.0" h-a-x="230" n="pictBeaterWoodXylophoneUp" />
  <g c="E77D" x="0.0" y="0.0" w="230.0" h="739.0" h-a-x="230" n="pictBeaterWoodXylophoneDown" />
  <g c="E77F" x="-1.0" y="1.0" w="391.0" h="686.0" h-a-x="388" n="pictBeaterWoodXylophoneLeft" />
  <g c="E77E" x="0.0" y="1.0" w="390.0" h="686.0" h-a-x="388" n="pictBeaterWoodXylophoneRight" />
  <g c="E7D1" x="0.0" y="0.0" w="142.0" h="763.0" h-a-x="142" n="pictBeaterSnareSticksUp" />
  <g c="E7D2" x="0.0" y="0.0" w="142.0" h="763.0" h-a-x="142" n="pictBeaterSnareSticksDown" />
  <g c="EB1C" x="0.0" y="0.0" w="372.0" h="480.0" h-a-x="372" n="elecPlay" />
  <g c="EB1D" x="0.0" y="0.0" w="480.0" h="480.0" h-a-x="480" n="elecStop" />
  <g c="EB1E" x="0.0" y="0.0" w="480.0" h="480.0" h-a-x="480" n="elecPause" />
  <g c="EB1F" x="0.0" y="0.0" w="736.0" h="480.0" h-a-x="737" n="elecFastForward" />
  <g c="EB20" x="0.0" y="0.0" w="739.0" h="480.0" h-a-x="739" n="elecRewind" />
  <g c="EB21" x="0.0" y="-1.0" w="834.0" h="481.0" h-a-x="834" n="elecSkipForwards" />
  <g c="EB22" x="0.0" y="-1.0" w="834.0" h="481.0" h-a-x="834" n="elecSkipBackwards" />
  <g c="E4D1" x="0.0" y="0.0" w="300.0" h="500.0" h-a-x="300" n="caesura" />
  <g c="E4D2" x="0.0" y="0.0" w="450.0" h="500.0" h-a-x="450" n="caesuraThick" />
  <g c="E4D3" x="0.0" y="0.0" w="150.0" h="500.0" h-a-x="150" n="caesuraShort" />
  <g c="E4D4" x="0.0" y="0.0" w="250.0" h="500.0" h-a-x="250" n="caesuraCurved" />
  <g c="E4D7" x="0.0" y="0.0" w="36.0" h="500.0" h-a-x="36" n="caesuraSingleStroke" />
  <g c="266D" x="28.0" y="56.0" w="220.0" h="714.0" h-a-x="269" n="musicFlatSign" />
  <g c="266E" x="28.0" y="-140.0" w="174.0" h="779.0" h-a-x="225" n="musicNaturalSign" />
  <g c="266F" x="28.0" y="-127.0" w="218.0" h="771.0" h-a-x="272" n="musicSharpSign" />
  <g c="E1D0" x="0.0" y="-170.0" w="545.0" h="340.0" h-a-x="545" n="noteDoubleWhole" />
  <g c="E1D1" x="0.0" y="-170.0" w="348.0" h="340.0" h-a-x="348" n="noteDoubleWholeSquare" />
  <g c="E1D2" x="0.0" y="-133.0" w="405.0" h="266.0" h-a-x="405" n="noteWhole" />
  <g c="E1D3" x="0.0" y="-132.0" w="310.0" h="971.0" h-a-x="310" n="noteHalfUp" />
  <g c="E1D5" x="0.0" y="-129.0" w="302.0" h="968.0" h-a-x="302" n="noteQuarterUp" />
  <g c="E1D7" x="0.0" y="-125.0" w="502.0" h="1003.0" h-a-x="502" n="note8thUp" />
  <g c="E1D9" x="0.0" y="-125.0" w="516.0" h="1000.0" h-a-x="516" n="note16thUp" />
  <g c="E1DB" x="0.0" y="-125.0" w="512.0" h="1177.0" h-a-x="512" n="note32ndUp" />
  <g c="E1DD" x="0.0" y="-125.0" w="512.0" h="1358.0" h-a-x="512" n="note64thUp" />
  <g c="E1DF" x="0.0" y="-125.0" w="512.0" h="1527.0" h-a-x="508" n="note128thUp" />
  <g c="E1E1" x="0.0" y="-125.0" w="515.0" h="1675.0" h-a-x="517" n="note256thUp" />
  <g c="E1E3" x="0.0" y="-125.0" w="516.0" h="1836.01" h-a-x="516" n="note512thUp" />
  <g c="E1E5" x="0.0" y="-114.0" w="516.0" h="1951.0" h-a-x="515" n="note1024thUp" />
  <g c="E1E7" x="0.0" y="-65.0" w="129.0" h="131.0" h-a-x="185" n="augmentationDot" />
  <g c="E550" x="-40.0" y="-152.0" w="293.0" h="105.0" h-a-x="215" n="lyricsElisionNarrow" />
  <g c="E551" x="-33.0" y="-152.0" w="409.0" h="105.0" h-a-x="341" n="lyricsElision" />
  <g c="E552" x="-26.0" y="-152.0" w="541.0" h="105.0" h-a-x="486" n="lyricsElisionWide" />
  <g c="EA50" x="12.76" y="-4.64" w="238.38" h="359.02" h-a-x="264" n="figbass0" />
  <g c="EA51" x="58.58" y="0.0" w="148.48" h="353.8" h-a-x="248" n="figbass1" />
  <g c="EA52" x="15.66" y="0.0" w="234.32" h="355.54" h-a-x="263" n="figbass2" />
  <g c="EA53" x="15.66" y="-71.34" w="234.32" h="426.88" h-a-x="266" n="figbass2Raised" />
  <g c="EA54" x="23.2" y="-4.06" w="204.74" h="360.76" h-a-x="246" n="figbass3" />
  <g c="EA55" x="5.8" y="0.0" w="243.02" h="353.8" h-a-x="263" n="figbass4" />
  <g c="EA56" x="5.8" y="0.0" w="288.84" h="353.8" h-a-x="305" n="figbass4Raised" />
  <g c="EA57" x="16.82" y="-5.8" w="213.44" h="368.3" h-a-x="248" n="figbass5" />
  <g c="EA58" x="16.82" y="-5.8" w="213.44" h="403.68" h-a-x="248" n="figbass5Raised1" />
  <g c="EA59" x="16.82" y="-5.8" w="229.68" h="368.3" h-a-x="261" n="figbass5Raised2" />
  <g c="EA5A" x="16.82" y="-40.02" w="213.44" h="436.74" h-a-x="248" n="figbass5Raised3" />
  <g c="EA5B" x="17.98" y="-5.8" w="228.52" h="366.56" h-a-x="264" n="figbass6" />
  <g c="EA5C" x="17.4" y="-5.8" w="229.1" h="366.56" h-a-x="264" n="figbass6Raised" />
  <g c="EA5D" x="10.44" y="-4.64" w="226.2" h="353.8" h-a-x="252" n="figbass7" />
  <g c="EA5E" x="10.44" y="-4.64" w="226.2" h="409.48" h-a-x="252" n="figbass7Raised1" />
  <g c="EA5F" x="10.44" y="-4.64" w="234.32" h="353.8" h-a-x="260" n="figbass7Raised2" />
  <g c="EA60" x="30.16" y="-5.8" w="204.74" h="360.76" h-a-x="257" n="figbass8" />
  <g c="EA61" x="15.66" y="-12.18" w="227.36" h="367.14" h-a-x="260" n="figbass9" />
  <g c="EA62" x="15.66" y="-12.18" w="231.42" h="367.14" h-a-x="264" n="figbass9Raised" />
  <g c="ECC0" x="10.44" y="-0.64" w="236.06" h="353.8" h-a-x="264" n="figbass7Diminished" />
  <g c="EA63" x="14.23" y="-0.62" w="240.08" h="398.48" h-a-x="267" n="figbassDoubleFlat" />
  <g c="EA64" x="12.99" y="0.0" w="122.51" h="398.48" h-a-x="149" n="figbassFlat" />
  <g c="EA65" x="12.0" y="-0.36" w="97.14" h="434.36" h-a-x="121" n="figbassNatural" />
  <g c="EA66" x="12.87" y="0.29" w="121.89" h="429.41" h-a-x="149" n="figbassSharp" />
  <g c="EA67" x="12.38" y="-0.0" w="159.02" h="148.5" h-a-x="182" n="figbassDoubleSharp" />
  <g c="ECA0" x="0.0" y="-170.0" w="545.0" h="340.0" h-a-x="545" n="metNoteDoubleWhole" />
  <g c="ECA1" x="0.0" y="-170.0" w="348.0" h="340.0" h-a-x="348" n="metNoteDoubleWholeSquare" />
  <g c="ECA2" x="2.0" y="-122.0" w="412.0" h="242.0" h-a-x="417" n="metNoteWhole" />
  <g c="ECA3" x="2.0" y="-130.0" w="306.0" h="798.0" h-a-x="310" n="metNoteHalfUp" />
  <g c="ECA5" x="2.0" y="-126.0" w="300.0" h="794.0" h-a-x="302" n="metNoteQuarterUp" />
  <g c="ECA7" x="2.0" y="-122.0" w="498.0" h="794.0" h-a-x="502" n="metNote8thUp" />
  <g c="ECA9" x="2.0" y="-122.0" w="512.0" h="794.0" h-a-x="516" n="metNote16thUp" />
  <g c="ECAB" x="2.0" y="-122.0" w="508.0" h="942.0" h-a-x="512" n="metNote32ndUp" />
  <g c="ECAD" x="2.0" y="-122.0" w="508.0" h="1122.0" h-a-x="512" n="metNote64thUp" />
  <g c="ECAF" x="2.0" y="-122.0" w="508.0" h="1292.0" h-a-x="508" n="metNote128thUp" />
  <g c="ECB1" x="2.0" y="-122.0" w="510.0" h="1440.0" h-a-x="517" n="metNote256thUp" />
  <g c="ECB3" x="2.0" y="-122.0" w="512.0" h="1601.0" h-a-x="516" n="metNote512thUp" />
  <g c="ECB5" x="2.0" y="-112.0" w="512.0" h="1767.0" h-a-x="515" n="metNote1024thUp" />
  <g c="ECB7" x="0.0" y="-49.0" w="97.0" h="98.0" h-a-x="97" n="metAugmentationDot" />
  <g c="0020" x="0.0" y="0.0" w="0.0" h="0.0" h-a-x="100" n="space" />
  <g c="E990" x="0.0" y="-101.0" w="160.0" h="203.0" h-a-x="160" n="chantPunctum" />
  <g c="E9B0" x="0.0" y="0.0" w="139.0" h="164.0" h-a-x="125" n="chantPodatusLower" />
  <g c="E991" x="0.0" y="-112.0" w="150.0" h="224.0" h-a-x="150" n="chantPunctumInclinatum" />
  <g c="E992" x="0.0" y="-121.0" w="147.0" h="205.0" h-a-x="147" n="chantPunctumInclinatumAuctum" />
  <g c="E993" x="0.0" y="-76.0" w="101.0" h="151.0" h-a-x="101" n="chantPunctumInclinatumDeminutum" />
  <g c="E994" x="0.0" y="-117.0" w="139.0" h="234.0" h-a-x="139" n="chantAuctumAsc" />
  <g c="E995" x="0.0" y="-116.0" w="139.0" h="232.0" h-a-x="139" n="chantAuctumDesc" />
  <g c="E996" x="0.0" y="-401.0" w="144.0" h="503.0" h-a-x="144" n="chantPunctumVirga" />
  <g c="E997" x="0.0" y="-401.0" w="144.0" h="503.0" h-a-x="144" n="chantPunctumVirgaReversed" />
  <g c="E99E" x="0.0" y="-250.0" w="145.0" h="364.0" h-a-x="145" n="chantOriscusLiquescens" />
  <g c="E99B" x="0.0" y="-115.0" w="139.0" h="230.0" h-a-x="140" n="chantQuilisma" />
  <g c="E9B1" x="-113.0" y="-3.0" w="127.0" h="198.0" h-a-x="14" n="chantPodatusUpper" />
  <g c="E9B2" x="-56.0" y="-121.0" w="69.0" h="188.0" h-a-x="13" n="chantDeminutumUpper" />
  <g c="E9B3" x="-56.0" y="-64.0" w="69.0" h="189.0" h-a-x="13" n="chantDeminutumLower" />
  <g c="E9B4" x="0.0" y="-150.0" w="13.0" h="300.0" h-a-x="13" n="chantEntryLineAsc2nd" />
  <g c="E9B5" x="0.0" y="-150.0" w="13.0" h="450.0" h-a-x="13" n="chantEntryLineAsc3rd" />
  <g c="E9B6" x="0.0" y="-150.0" w="13.0" h="600.0" h-a-x="13" n="chantEntryLineAsc4th" />
  <g c="E9B7" x="0.0" y="-150.0" w="13.0" h="750.0" h-a-x="13" n="chantEntryLineAsc5th" />
  <g c="E9B8" x="0.0" y="-150.0" w="13.0" h="900.0" h-a-x="13" n="chantEntryLineAsc6th" />
  <g c="E9B9" x="0.0" y="-228.0" w="418.0" h="332.0" h-a-x="418" n="chantLigaturaDesc2nd" />
  <g c="E9BA" x="0.0" y="-400.0" w="521.0" h="504.0" h-a-x="521" n="chantLigaturaDesc3rd" />
  <g c="E9BB" x="0.0" y="-553.0" w="521.0" h="657.0" h-a-x="521" n="chantLigaturaDesc4th" />
  <g c="E9BC" x="0.0" y="-703.0" w="521.0" h="807.0" h-a-x="521" n="chantLigaturaDesc5th" />
  <g c="E9BD" x="0.0" y="-150.0" w="13.0" h="300.0" h-a-x="13" n="chantConnectingLineAsc2nd" />
  <g c="E9BE" x="0.0" y="-150.0" w="13.0" h="450.0" h-a-x="13" n="chantConnectingLineAsc3rd" />
  <g c="E9BF" x="0.0" y="-150.0" w="13.0" h="600.0" h-a-x="13" n="chantConnectingLineAsc4th" />
  <g c="E9C0" x="0.0" y="-150.0" w="13.0" h="750.0" h-a-x="13" n="chantConnectingLineAsc5th" />
  <g c="E9C1" x="0.0" y="-150.0" w="13.0" h="900.0" h-a-x="13" n="chantConnectingLineAsc6th" />
  <g c="E460" x="0.0" y="-394.0" w="294.0" h="532.0" h-a-x="294" n="accidentalKoron">
    <a n="cutOutSE" x="0.16" y="-0.55" />
  </g>
  <g c="E461" x="0.0" y="-243.0" w="384.0" h="485.0" h-a-x="384" n="accidentalSori">
    <a n="cutOutNE" x="0.88" y="0.4" />
    <a n="cutOutNW" x="0.26" y="0.88" />
    <a n="cutOutSE" x="0.88" y="-0.36" />
    <a n="cutOutSW" x="0.26" y="-0.8" />
  </g>
  <g c="E99F" x="0.0" y="-81.0" w="119.0" h="162.0" h-a-x="119" n="chantStrophicus" />
  <g c="E04A" x="1.0" y="-95.0" w="448.0" h="1191.0" h-a-x="450" n="segnoSerpent1" />
  <g c="E639" x="0.0" y="0.0" w="330.0" h="330.0" h-a-x="330" n="pluckedDampAll" />
  <g c="E636" x="0.0" y="0.0" w="206.0" h="143.0" h-a-x="206" n="pluckedWithFingernails" />
  <g c="E637" x="0.0" y="0.0" w="142.0" h="206.0" h-a-x="142" n="pluckedFingernailFlick" />
  <g c="EC00" x="0.0" y="-2.0" w="263.0" h="315.0" h-a-x="262" n="luteGermanALower" />
  <g c="EC01" x="-1.0" y="-3.0" w="271.0" h="562.0" h-a-x="270" n="luteGermanBLower" />
  <g c="EC02" x="0.0" y="10.0" w="186.0" h="286.0" h-a-x="180" n="luteGermanCLower" />
  <g c="EC03" x="0.0" y="6.0" w="318.0" h="587.0" h-a-x="318" n="luteGermanDLower" />
  <g c="EC04" x="-1.0" y="-3.0" w="185.0" h="316.0" h-a-x="184" n="luteGermanELower" />
  <g c="EC05" x="0.0" y="-287.0" w="240.0" h="847.0" h-a-x="237" n="luteGermanFLower" />
  <g c="EC06" x="0.0" y="-281.0" w="354.0" h="594.0" h-a-x="354" n="luteGermanGLower" />
  <g c="EC07" x="0.0" y="-96.0" w="296.0" h="690.0" h-a-x="296" n="luteGermanHLower" />
  <g c="EC08" x="0.0" y="4.0" w="142.0" h="448.0" h-a-x="142" n="luteGermanILower" />
  <g c="EC09" x="-1.0" y="-23.0" w="271.0" h="592.0" h-a-x="270" n="luteGermanKLower" />
  <g c="EC0A" x="-6.0" y="-23.0" w="301.0" h="592.0" h-a-x="295" n="luteGermanLLower" />
  <g c="EC0B" x="0.0" y="-1.0" w="458.0" h="302.0" h-a-x="455" n="luteGermanMLower" />
  <g c="EC0C" x="-1.0" y="-1.0" w="286.0" h="303.0" h-a-x="282" n="luteGermanNLower" />
  <g c="EC0D" x="0.0" y="-6.0" w="246.0" h="322.0" h-a-x="246" n="luteGermanOLower" />
  <g c="EC0E" x="-4.0" y="-246.0" w="291.0" h="553.0" h-a-x="281" n="luteGermanPLower" />
  <g c="EC0F" x="0.0" y="-246.0" w="254.0" h="565.0" h-a-x="254" n="luteGermanQLower" />
  <g c="EC10" x="0.0" y="0.0" w="211.0" h="291.0" h-a-x="211" n="luteGermanRLower" />
  <g c="EC11" x="-4.0" y="-1.0" w="287.0" h="323.0" h-a-x="283" n="luteGermanSLower" />
  <g c="EC12" x="0.0" y="-1.0" w="229.0" h="411.0" h-a-x="229" n="luteGermanTLower" />
  <g c="EC13" x="0.0" y="-49.0" w="319.0" h="340.0" h-a-x="319" n="luteGermanVLower" />
  <g c="EC14" x="1.0" y="-2.0" w="317.0" h="304.0" h-a-x="314" n="luteGermanXLower" />
  <g c="EC15" x="-4.0" y="-173.0" w="270.0" h="451.0" h-a-x="266" n="luteGermanYLower" />
  <g c="EC16" x="-4.0" y="-29.0" w="206.0" h="366.0" h-a-x="201" n="luteGermanZLower" />
  <g c="EC17" x="0.0" y="0.0" w="486.0" h="589.0" h-a-x="487" n="luteGermanAUpper" />
  <g c="EC18" x="0.0" y="-2.0" w="599.0" h="592.0" h-a-x="598" n="luteGermanBUpper" />
  <g c="EC19" x="-4.0" y="-1.0" w="457.0" h="589.0" h-a-x="454" n="luteGermanCUpper" />
  <g c="EC1A" x="-10.0" y="-1.0" w="586.0" h="611.0" h-a-x="576" n="luteGermanDUpper" />
  <g c="EC1B" x="0.0" y="0.0" w="449.0" h="590.0" h-a-x="448" n="luteGermanEUpper" />
  <g c="EC1C" x="-2.0" y="-110.0" w="470.0" h="724.0" h-a-x="456" n="luteGermanFUpper" />
  <g c="EC1D" x="-1.0" y="0.0" w="531.0" h="586.0" h-a-x="530" n="luteGermanGUpper" />
  <g c="EC1E" x="0.0" y="-117.0" w="503.0" h="699.0" h-a-x="503" n="luteGermanHUpper" />
  <g c="EC1F" x="-1.0" y="-3.0" w="399.0" h="587.0" h-a-x="398" n="luteGermanIUpper" />
  <g c="EC20" x="0.0" y="-4.0" w="517.0" h="590.0" h-a-x="517" n="luteGermanKUpper" />
  <g c="EC21" x="0.0" y="-1.0" w="396.0" h="592.0" h-a-x="396" n="luteGermanLUpper" />
  <g c="EC22" x="0.0" y="0.0" w="736.0" h="593.0" h-a-x="734" n="luteGermanMUpper" />
  <g c="EC23" x="0.0" y="-10.0" w="559.0" h="588.0" h-a-x="558" n="luteGermanNUpper" />
  <g c="E8F3" x="0.0" y="250.0" w="14.0" h="250.0" h-a-x="14" n="chantDivisioMinima" />
  <g c="E8F4" x="0.0" y="-250.0" w="14.0" h="500.0" h-a-x="14" n="chantDivisioMaior" />
  <g c="E8F5" x="0.0" y="-375.0" w="14.0" h="750.0" h-a-x="14" n="chantDivisioMaxima" />
  <g c="E8F6" x="0.0" y="-375.0" w="114.0" h="750.0" h-a-x="114" n="chantDivisioFinalis" />
  <g c="E8F7" x="0.0" y="264.0" w="85.0" h="234.0" h-a-x="85" n="chantVirgula" />
  <g c="E8F8" x="-0.0" y="264.0" w="137.34" h="234.27" h-a-x="138" n="chantCaesura" />
  <g c="EB90" x="0.0" y="0.0" w="0.0" h="0.0" h-a-x="1000" n="staffPosRaise1" />
  <g c="EB91" x="0.0" y="0.0" w="0.0" h="0.0" h-a-x="1000" n="staffPosRaise2" />
  <g c="EB92" x="0.0" y="0.0" w="0.0" h="0.0" h-a-x="1000" n="staffPosRaise3" />
  <g c="EB93" x="0.0" y="0.0" w="0.0" h="0.0" h-a-x="1000" n="staffPosRaise4" />
  <g c="EB94" x="0.0" y="0.0" w="0.0" h="0.0" h-a-x="1000" n="staffPosRaise5" />
  <g c="EB95" x="0.0" y="0.0" w="0.0" h="0.0" h-a-x="1000" n="staffPosRaise6" />
  <g c="EB96" x="0.0" y="0.0" w="0.0" h="0.0" h-a-x="1000" n="staffPosRaise7" />
  <g c="EB97" x="0.0" y="0.0" w="0.0" h="0.0" h-a-x="0" n="staffPosRaise8" />
  <g c="EB98" x="0.0" y="0.0" w="0.0" h="0.0" h-a-x="0" n="staffPosLower1" />
  <g c="EB99" x="0.0" y="0.0" w="0.0" h="0.0" h-a-x="0" n="staffPosLower2" />
  <g c="EB9A" x="0.0" y="0.0" w="0.0" h="0.0" h-a-x="0" n="staffPosLower3" />
  <g c="EB9B" x="0.0" y="0.0" w="0.0" h="0.0" h-a-x="0" n="staffPosLower4" />
  <g c="EB9C" x="0.0" y="0.0" w="0.0" h="0.0" h-a-x="0" n="staffPosLower5" />
  <g c="EB9D" x="0.0" y="0.0" w="0.0" h="0.0" h-a-x="0" n="staffPosLower6" />
  <g c="EB9E" x="0.0" y="0.0" w="0.0" h="0.0" h-a-x="0" n="staffPosLower7" />
  <g c="EB9F" x="0.0" y="0.0" w="0.0" h="0.0" h-a-x="0" n="staffPosLower8" />
  <g c="E0FB" x="0.0" y="-132.0" w="314.0" h="270.0" h-a-x="314" n="noteheadHalfFilled">
    <a n="cutOutNW" x="0.14" y="0.24" />
    <a n="cutOutSE" x="1.08" y="-0.24" />
    <a n="stemDownNW" x="0.0" y="-0.14" />
    <a n="stemUpSE" x="1.26" y="0.16" />
  </g>
</bounding-boxes>