<?xml version='1.0' encoding='UTF-8'?>
<bounding-boxes font-family="Leland" units-per-em="1000">
  <g c="E527" x="-95.0" y="-163.0" w="2032.0" h="426.0" h-a-x="1970" n="dynamicPPPPPP">
    <a n="opticalCenter" x="4.02" y="0.0" />
  </g>
  <g c="E528" x="-95.0" y="-163.0" w="1708.0" h="425.0" h-a-x="1646" n="dynamicPPPPP">
    <a n="opticalCenter" x="3.38" y="0.0" />
  </g>
  <g c="E529" x="-95.0" y="-163.0" w="1384.0" h="426.0" h-a-x="1322" n="dynamicPPPP">
    <a n="opticalCenter" x="2.73" y="0.0" />
  </g>
  <g c="E52A" x="-95.0" y="-163.0" w="1060.0" h="426.0" h-a-x="998" n="dynamicPPP">
    <a n="opticalCenter" x="2.08" y="0.0" />
  </g>
  <g c="E52B" x="-95.0" y="-163.0" w="736.0" h="426.0" h-a-x="674" n="dynamicPP">
    <a n="opticalCenter" x="1.43" y="0.0" />
  </g>
  <g c="E52C" x="-7.0" y="-163.0" w="703.0" h="426.0" h-a-x="729" n="dynamicMP">
    <a n="opticalCenter" x="1.5" y="0.0" />
  </g>
  <g c="E52D" x="-7.0" y="-193.0" w="715.0" h="614.0" h-a-x="741" n="dynamicMF">
    <a n="opticalCenter" x="1.52" y="0.0" />
  </g>
  <g c="E52E" x="-95.0" y="-193.0" w="791.0" h="614.0" h-a-x="719" n="dynamicPF">
    <a n="opticalCenter" x="1.54" y="0.0" />
  </g>
  <g c="E52F" x="-137.0" y="-196.0" w="725.0" h="618.0" h-a-x="621" n="dynamicFF">
    <a n="opticalCenter" x="1.26" y="0.0" />
  </g>
  <g c="E530" x="-137.0" y="-196.0" w="975.0" h="619.0" h-a-x="871" n="dynamicFFF">
    <a n="opticalCenter" x="1.82" y="0.0" />
  </g>
  <g c="E531" x="-137.0" y="-196.0" w="1225.0" h="619.0" h-a-x="1121" n="dynamicFFFF">
    <a n="opticalCenter" x="2.32" y="0.0" />
  </g>
  <g c="E532" x="-137.0" y="-199.0" w="1475.0" h="618.0" h-a-x="1371" n="dynamicFFFFF">
    <a n="opticalCenter" x="2.82" y="0.0" />
  </g>
  <g c="E533" x="-137.0" y="-196.0" w="1725.0" h="619.0" h-a-x="1621" n="dynamicFFFFFF">
    <a n="opticalCenter" x="3.32" y="0.0" />
  </g>
  <g c="E534" x="-136.0" y="-193.0" w="717.0" h="614.0" h-a-x="614" n="dynamicFortePiano">
    <a n="opticalCenter" x="1.31" y="0.0" />
  </g>
  <g c="E535" x="-137.0" y="-193.0" w="600.0" h="614.0" h-a-x="480" n="dynamicForzando">
    <a n="opticalCenter" x="1.07" y="0.0" />
  </g>
  <g c="E536" x="0.0" y="-193.0" w="567.0" h="614.0" h-a-x="600" n="dynamicSforzando1">
    <a n="opticalCenter" x="1.2" y="0.0" />
  </g>
  <g c="E537" x="0.0" y="-193.0" w="807.0" h="614.0" h-a-x="840" n="dynamicSforzandoPiano">
    <a n="opticalCenter" x="1.62" y="0.0" />
  </g>
  <g c="E538" x="0.0" y="-193.0" w="1131.0" h="614.0" h-a-x="1164" n="dynamicSforzandoPianissimo">
    <a n="opticalCenter" x="1.62" y="0.0" />
  </g>
  <g c="E539" x="0.0" y="-193.0" w="698.0" h="614.0" h-a-x="715" n="dynamicSforzato">
    <a n="opticalCenter" x="1.46" y="0.0" />
  </g>
  <g c="E53A" x="0.0" y="-198.0" w="1012.0" h="614.0" h-a-x="1045" n="dynamicSforzatoPiano">
    <a n="opticalCenter" x="1.46" y="0.0" />
  </g>
  <g c="E53B" x="0.0" y="-196.0" w="950.0" h="618.0" h-a-x="967" n="dynamicSforzatoFF">
    <a n="opticalCenter" x="1.97" y="0.0" />
  </g>
  <g c="E53C" x="-12.0" y="-193.0" w="598.0" h="614.0" h-a-x="619" n="dynamicRinforzando1">
    <a n="opticalCenter" x="1.27" y="0.0" />
  </g>
  <g c="E53D" x="-12.0" y="-193.0" w="728.0" h="614.0" h-a-x="733" n="dynamicRinforzando2">
    <a n="opticalCenter" x="1.53" y="0.0" />
  </g>
  <g c="0020" x="0.0" y="0.0" w="0.0" h="0.0" h-a-x="250" n="space" />
  <g c="E000" x="-1.0" y="4.61" w="63.0" h="990.39" h-a-x="62" n="brace" />
  <g c="E003" x="0.0" y="0.0" w="491.0" h="279.0" h-a-x="491" n="bracketTop" />
  <g c="E004" x="0.0" y="-279.0" w="491.0" h="279.0" h-a-x="491" n="bracketBottom" />
  <g c="E043" x="0.0" y="322.0" w="104.0" h="356.0" h-a-x="104" n="repeatDots" />
  <g c="E044" x="0.0" y="-53.0" w="104.0" h="106.0" h-a-x="104" n="repeatDot" />
  <g c="E047" x="0.0" y="0.0" w="654.0" h="869.0" h-a-x="654" n="segno" />
  <g c="E048" x="0.0" y="-113.0" w="745.0" h="848.0" h-a-x="745" n="coda" />
  <g c="E049" x="0.0" y="-113.0" w="738.0" h="848.0" h-a-x="738" n="codaSquare" />
  <g c="E04A" x="0.0" y="-280.0" w="554.0" h="1561.0" h-a-x="554" n="segnoSerpent1" />
  <g c="E04B" x="0.0" y="-281.0" w="554.0" h="1562.0" h-a-x="554" n="segnoSerpent2" />
  <g c="E050" x="0.0" y="-666.0" w="640.0" h="1778.0" h-a-x="640" n="gClef" />
  <g c="E051" x="0.0" y="-898.0" w="640.0" h="2010.0" h-a-x="640" n="gClef15mb" />
  <g c="E052" x="0.0" y="-898.0" w="640.0" h="2011.0" h-a-x="640" n="gClef8vb" />
  <g c="E053" x="0.0" y="-666.0" w="640.0" h="2003.0" h-a-x="640" n="gClef8va" />
  <g c="E054" x="0.0" y="-667.0" w="640.0" h="2005.0" h-a-x="640" n="gClef15ma" />
  <g c="E055" x="0.0" y="-667.0" w="1044.0" h="1779.0" h-a-x="1044" n="gClef8vbOld" />
  <g c="E05C" x="0.0" y="-480.0" w="627.0" h="962.0" h-a-x="627" n="cClef" />
  <g c="E05D" x="0.0" y="-740.0" w="627.0" h="1222.0" h-a-x="627" n="cClef8vb" />
  <g c="E062" x="0.0" y="-617.0" w="664.0" h="868.0" h-a-x="663" n="fClef" />
  <g c="E063" x="0.0" y="-744.0" w="663.0" h="995.0" h-a-x="662" n="fClef15mb" />
  <g c="E064" x="0.0" y="-742.0" w="664.0" h="993.0" h-a-x="663" n="fClef8vb" />
  <g c="E065" x="0.0" y="-616.0" w="665.0" h="1104.0" h-a-x="664" n="fClef8va" />
  <g c="E066" x="0.0" y="-616.0" w="665.0" h="1108.0" h-a-x="664" n="fClef15ma" />
  <g c="E069" x="0.0" y="-252.0" w="352.0" h="504.0" h-a-x="352" n="unpitchedPercussionClef1" />
  <g c="E06D" x="0.0" y="-743.0" w="439.0" h="1489.0" h-a-x="439" n="6stringTabClef" />
  <g c="E06E" x="0.0" y="-497.0" w="294.0" h="997.0" h-a-x="294" n="4stringTabClef" />
  <g c="E07A" x="0.0" y="-496.0" w="480.0" h="1334.0" h-a-x="480" n="gClefChange" />
  <g c="E07B" x="0.0" y="-357.0" w="471.0" h="722.0" h-a-x="471" n="cClefChange" />
  <g c="E07C" x="1.0" y="-456.0" w="497.0" h="651.0" h-a-x="497" n="fClefChange" />
  <g c="E080" x="15.0" y="-254.0" w="374.0" h="509.0" h-a-x="404" n="timeSig0" />
  <g c="E081" x="15.0" y="-243.0" w="321.0" h="488.0" h-a-x="351" n="timeSig1" />
  <g c="E082" x="15.0" y="-243.0" w="362.0" h="488.0" h-a-x="392" n="timeSig2" />
  <g c="E083" x="14.98" y="-244.0" w="349.02" h="488.0" h-a-x="379" n="timeSig3" />
  <g c="E084" x="14.0" y="-248.0" w="428.0" h="497.0" h-a-x="457" n="timeSig4" />
  <g c="E085" x="15.0" y="-244.0" w="347.0" h="490.0" h-a-x="377" n="timeSig5" />
  <g c="E086" x="15.0" y="-244.0" w="372.0" h="489.0" h-a-x="402" n="timeSig6" />
  <g c="E087" x="15.0" y="-250.0" w="351.0" h="501.0" h-a-x="381" n="timeSig7" />
  <g c="E088" x="15.0" y="-248.0" w="378.0" h="494.0" h-a-x="408" n="timeSig8" />
  <g c="E089" x="15.0" y="-244.0" w="372.0" h="489.0" h-a-x="402" n="timeSig9" />
  <g c="E08A" x="0.0" y="-256.0" w="463.0" h="514.0" h-a-x="463" n="timeSigCommon" />
  <g c="E08B" x="0.0" y="-376.0" w="463.0" h="764.0" h-a-x="463" n="timeSigCutCommon" />
  <g c="E08C" x="0.0" y="-204.0" w="408.0" h="408.0" h-a-x="408" n="timeSigPlus" />
  <g c="E0A0" x="0.0" y="-178.0" w="538.0" h="357.0" h-a-x="539" n="noteheadDoubleWhole" />
  <g c="E0A1" x="0.0" y="-179.0" w="432.0" h="356.0" h-a-x="432" n="noteheadDoubleWholeSquare" />
  <g c="E0A2" x="0.0" y="-134.0" w="373.0" h="270.0" h-a-x="373" n="noteheadWhole">
    <a n="cutOutNE" x="1.3" y="0.4" />
    <a n="cutOutNW" x="0.2" y="0.4" />
    <a n="cutOutSW" x="0.21" y="-0.4" />
    <a n="stemUpSE" x="1.28" y="-0.4" />
  </g>
  <g c="E0A3" x="0.0" y="-133.0" w="325.0" h="265.0" h-a-x="325" n="noteheadHalf">
    <a n="cutOutNE" x="1.18" y="0.42" />
    <a n="cutOutNW" x="0.27" y="0.31" />
    <a n="cutOutSE" x="1.07" y="-0.28" />
    <a n="cutOutSW" x="0.16" y="-0.46" />
    <a n="stemDownNW" x="0.0" y="-0.17" />
    <a n="stemUpSE" x="1.3" y="0.16" />
  </g>
  <g c="E0A4" x="0.0" y="-133.0" w="325.0" h="265.0" h-a-x="325" n="noteheadBlack">
    <a n="cutOutNE" x="1.18" y="0.42" />
    <a n="cutOutNW" x="0.27" y="0.31" />
    <a n="cutOutSE" x="1.07" y="-0.28" />
    <a n="cutOutSW" x="0.16" y="-0.46" />
    <a n="stemDownNW" x="0.0" y="-0.17" />
    <a n="stemUpSE" x="1.3" y="0.16" />
  </g>
  <g c="E0A5" x="0.0" y="0.0" w="0.0" h="0.0" h-a-x="325" n="noteheadNull" />
  <g c="E0A9" x="0.0" y="-132.0" w="325.0" h="264.0" h-a-x="325" n="noteheadXBlack">
    <a n="stemDownNW" x="0.0" y="-0.42" />
    <a n="stemUpSE" x="1.3" y="0.42" />
  </g>
  <g c="E0AF" x="0.0" y="-132.0" w="325.0" h="264.0" h-a-x="325" n="noteheadPlusBlack">
    <a n="stemDownNW" x="0.0" y="0.0" />
    <a n="stemUpSE" x="1.3" y="0.0" />
  </g>
  <g c="E0D9" x="0.0" y="-132.0" w="335.0" h="265.0" h-a-x="335" n="noteheadDiamondHalf">
    <a n="stemDownNW" x="0.0" y="0.0" />
    <a n="stemUpSE" x="1.34" y="0.0" />
  </g>
  <g c="E0DB" x="0.0" y="-132.0" w="335.0" h="265.0" h-a-x="335" n="noteheadDiamondBlack">
    <a n="stemDownNW" x="0.0" y="0.0" />
    <a n="stemUpSE" x="1.34" y="0.0" />
  </g>
  <g c="E1D0" x="0.0" y="-178.0" w="538.0" h="357.0" h-a-x="538" n="noteDoubleWhole" />
  <g c="E1D1" x="0.0" y="-179.0" w="432.0" h="356.0" h-a-x="432" n="noteDoubleWholeSquare" />
  <g c="E1D2" x="0.0" y="-134.0" w="373.0" h="270.0" h-a-x="373" n="noteWhole" />
  <g c="E1D3" x="0.0" y="-132.0" w="325.0" h="1007.0" h-a-x="325" n="noteHalfUp" />
  <g c="E1D5" x="0.0" y="-131.0" w="325.0" h="1006.0" h-a-x="325" n="noteQuarterUp" />
  <g c="E1D7" x="0.0" y="-133.0" w="589.0" h="1021.0" h-a-x="589" n="note8thUp" />
  <g c="E1D9" x="0.0" y="-133.0" w="579.0" h="1020.0" h-a-x="575" n="note16thUp" />
  <g c="E1DB" x="0.0" y="-133.0" w="579.0" h="1197.0" h-a-x="579" n="note32ndUp" />
  <g c="E1DD" x="0.0" y="-133.0" w="579.0" h="1385.0" h-a-x="579" n="note64thUp" />
  <g c="E1DF" x="0.0" y="-133.0" w="579.0" h="1584.0" h-a-x="579" n="note128thUp" />
  <g c="E1E1" x="0.0" y="-135.0" w="579.0" h="1770.0" h-a-x="579" n="note256thUp" />
  <g c="E1E3" x="0.0" y="-133.0" w="579.0" h="1953.0" h-a-x="579" n="note512thUp" />
  <g c="E1E5" x="0.0" y="-133.0" w="579.0" h="2135.0" h-a-x="579" n="note1024thUp" />
  <g c="E1E7" x="0.0" y="-50.0" w="100.0" h="100.0" h-a-x="100" n="augmentationDot" />
  <g c="E220" x="-145.0" y="-93.0" w="290.0" h="189.0" h-a-x="145" n="tremolo1" />
  <g c="E221" x="-145.0" y="-188.0" w="290.0" h="377.0" h-a-x="145" n="tremolo2" />
  <g c="E222" x="-145.0" y="-283.0" w="290.0" h="566.0" h-a-x="145" n="tremolo3" />
  <g c="E223" x="-145.0" y="-377.0" w="290.0" h="755.0" h-a-x="145" n="tremolo4" />
  <g c="E224" x="-145.0" y="-471.0" w="290.0" h="944.0" h-a-x="145" n="tremolo5" />
  <g c="E22A" x="-150.0" y="-140.0" w="300.0" h="280.0" h-a-x="150" n="buzzRoll" />
  <g c="E22E" x="-0.25" y="0.0" w="246.5" h="78.0" h-a-x="246" n="tremoloDivisiDots2" />
  <g c="E22F" x="-0.25" y="0.0" w="417.5" h="78.0" h-a-x="417" n="tremoloDivisiDots3" />
  <g c="E230" x="-0.25" y="0.0" w="585.5" h="78.0" h-a-x="585" n="tremoloDivisiDots4" />
  <g c="E231" x="-0.25" y="0.0" w="417.5" h="246.0" h-a-x="417" n="tremoloDivisiDots6" />
  <g c="E240" x="0.0" y="-817.0" w="289.0" h="829.0" h-a-x="289" n="flag8thUp">
    <a n="stemUpNW" x="0.0" y="-0.01" />
  </g>
  <g c="E241" x="0.0" y="-12.0" w="309.0" h="829.0" h-a-x="309" n="flag8thDown">
    <a n="stemDownSW" x="0.0" y="0.0" />
  </g>
  <g c="E242" x="0.0" y="-820.0" w="279.0" h="832.0" h-a-x="280" n="flag16thUp">
    <a n="stemUpNW" x="0.0" y="-0.0" />
  </g>
  <g c="E243" x="0.0" y="-26.0" w="309.0" h="829.0" h-a-x="309" n="flag16thDown">
    <a n="stemDownSW" x="0.0" y="-0.04" />
  </g>
  <g c="E244" x="0.0" y="-821.0" w="279.0" h="1007.0" h-a-x="279" n="flag32ndUp">
    <a n="stemUpNW" x="0.0" y="0.69" />
  </g>
  <g c="E245" x="0.0" y="-216.0" w="309.0" h="1019.0" h-a-x="309" n="flag32ndDown">
    <a n="stemDownSW" x="0.0" y="-0.8" />
  </g>
  <g c="E246" x="0.0" y="-822.0" w="279.0" h="1195.0" h-a-x="279" n="flag64thUp">
    <a n="stemUpNW" x="0.0" y="1.44" />
  </g>
  <g c="E247" x="0.0" y="-403.0" w="309.0" h="1207.0" h-a-x="309" n="flag64thDown">
    <a n="stemDownSW" x="0.0" y="-1.54" />
  </g>
  <g c="E248" x="0.0" y="-821.0" w="279.0" h="1394.0" h-a-x="280" n="flag128thUp">
    <a n="stemUpNW" x="0.0" y="2.24" />
  </g>
  <g c="E249" x="0.0" y="-591.0" w="309.0" h="1394.0" h-a-x="309" n="flag128thDown">
    <a n="stemDownSW" x="0.0" y="-2.3" />
  </g>
  <g c="E24A" x="0.0" y="-820.08" w="279.0" h="1580.08" h-a-x="280" n="flag256thUp">
    <a n="stemUpNW" x="0.0" y="2.99" />
  </g>
  <g c="E24B" x="0.0" y="-779.0" w="309.0" h="1582.0" h-a-x="309" n="flag256thDown">
    <a n="stemDownSW" x="0.0" y="-3.05" />
  </g>
  <g c="E24C" x="0.0" y="-820.0" w="279.0" h="1763.0" h-a-x="279" n="flag512thUp">
    <a n="stemUpNW" x="0.0" y="3.72" />
  </g>
  <g c="E24D" x="0.0" y="-966.0" w="309.0" h="1770.0" h-a-x="309" n="flag512thDown">
    <a n="stemDownSW" x="0.0" y="-3.8" />
  </g>
  <g c="E24E" x="0.0" y="-820.0" w="279.0" h="1946.0" h-a-x="279" n="flag1024thUp">
    <a n="stemUpNW" x="0.0" y="4.45" />
  </g>
  <g c="E24F" x="0.0" y="-1142.0" w="309.0" h="1945.0" h-a-x="309" n="flag1024thDown">
    <a n="stemDownSW" x="0.0" y="-4.5" />
  </g>
  <g c="E260" x="0.0" y="-176.0" w="203.0" h="629.0" h-a-x="212" n="accidentalFlat">
    <a n="cutOutNE" x="0.18" y="0.64" />
    <a n="cutOutSE" x="0.54" y="-0.42" />
  </g>
  <g c="E261" x="0.0" y="-323.0" w="171.0" h="648.0" h-a-x="171" n="accidentalNatural">
    <a n="cutOutNE" x="0.13" y="0.76" />
    <a n="cutOutSW" x="0.56" y="-0.75" />
  </g>
  <g c="E262" x="0.0" y="-333.0" w="244.0" h="667.0" h-a-x="244" n="accidentalSharp">
    <a n="cutOutNE" x="0.8" y="0.76" />
    <a n="cutOutNW" x="0.18" y="0.64" />
    <a n="cutOutSE" x="0.8" y="-0.64" />
    <a n="cutOutSW" x="0.18" y="-0.76" />
  </g>
  <g c="E263" x="0.0" y="-137.0" w="275.0" h="275.0" h-a-x="275" n="accidentalDoubleSharp" />
  <g c="E264" x="0.0" y="-176.0" w="371.0" h="629.0" h-a-x="371" n="accidentalDoubleFlat">
    <a n="cutOutNE" x="0.84" y="0.64" />
    <a n="cutOutSE" x="1.21" y="-0.42" />
  </g>
  <g c="E265" x="0.0" y="-333.0" w="586.0" h="667.0" h-a-x="586" n="accidentalTripleSharp">
    <a n="cutOutNE" x="1.0" y="0.56" />
    <a n="cutOutNW" x="0.18" y="0.64" />
    <a n="cutOutSE" x="1.0" y="-0.57" />
    <a n="cutOutSW" x="0.18" y="-0.76" />
  </g>
  <g c="E266" x="0.0" y="-176.0" w="539.0" h="629.0" h-a-x="539" n="accidentalTripleFlat">
    <a n="cutOutNE" x="1.51" y="0.64" />
    <a n="cutOutSE" x="1.88" y="-0.42" />
  </g>
  <g c="E267" x="0.0" y="-323.0" w="440.0" h="776.0" h-a-x="440" n="accidentalNaturalFlat">
    <a n="cutOutNE" x="1.12" y="0.64" />
    <a n="cutOutSE" x="1.49" y="-0.42" />
    <a n="cutOutSW" x="0.56" y="-0.75" />
  </g>
  <g c="E268" x="0.0" y="-331.0" w="478.0" h="667.0" h-a-x="478" n="accidentalNaturalSharp">
    <a n="cutOutNE" x="1.74" y="0.8" />
    <a n="cutOutSE" x="1.74" y="-0.63" />
    <a n="cutOutSW" x="0.56" y="-0.75" />
  </g>
  <g c="E269" x="0.0" y="-333.0" w="535.0" h="667.0" h-a-x="535" n="accidentalSharpSharp">
    <a n="cutOutNE" x="1.96" y="0.76" />
    <a n="cutOutNW" x="0.18" y="0.64" />
    <a n="cutOutSE" x="1.96" y="-0.64" />
    <a n="cutOutSW" x="0.18" y="-0.76" />
  </g>
  <g c="E26A" x="0.0" y="-210.0" w="98.0" h="421.0" h-a-x="99" n="accidentalParensLeft" />
  <g c="E26B" x="1.0" y="-210.0" w="98.0" h="421.0" h-a-x="99" n="accidentalParensRight" />
  <g c="E26C" x="0.0" y="-209.0" w="81.0" h="419.0" h-a-x="81" n="accidentalBracketLeft" />
  <g c="E26D" x="0.0" y="-209.0" w="81.0" h="419.0" h-a-x="81" n="accidentalBracketRight" />
  <g c="E270" x="0.0" y="-165.0" w="280.0" h="619.0" h-a-x="280" n="accidentalQuarterToneFlatArrowUp">
    <a n="cutOutNE" x="0.8" y="0.68" />
    <a n="cutOutSE" x="0.8" y="-0.42" />
    <a n="cutOutSW" x="0.29" y="1.22" />
  </g>
  <g c="E271" x="0.0" y="-448.0" w="280.0" h="911.0" h-a-x="280" n="accidentalThreeQuarterTonesFlatArrowDown">
    <a n="cutOutNE" x="0.48" y="0.68" />
    <a n="cutOutNW" x="0.31" y="-1.19" />
    <a n="cutOutSE" x="0.8" y="-0.42" />
  </g>
  <g c="E272" x="0.0" y="-323.0" w="255.0" h="773.0" h-a-x="255" n="accidentalQuarterToneSharpNaturalArrowUp">
    <a n="cutOutNE" x="0.8" y="0.76" />
    <a n="cutOutSW" x="0.31" y="1.2" />
  </g>
  <g c="E273" x="0.0" y="-448.0" w="255.0" h="773.0" h-a-x="255" n="accidentalQuarterToneFlatNaturalArrowDown">
    <a n="cutOutNE" x="0.7" y="-1.19" />
    <a n="cutOutSW" x="0.22" y="-0.75" />
  </g>
  <g c="E274" x="0.0" y="-333.0" w="278.0" h="792.0" h-a-x="278" n="accidentalThreeQuarterTonesSharpArrowUp">
    <a n="cutOutNE" x="0.92" y="1.64" />
    <a n="cutOutNW" x="0.18" y="0.64" />
    <a n="cutOutSE" x="0.8" y="-0.64" />
    <a n="cutOutSW" x="0.18" y="-0.78" />
  </g>
  <g c="E275" x="0.0" y="-458.0" w="278.0" h="792.0" h-a-x="277" n="accidentalQuarterToneSharpArrowDown">
    <a n="cutOutNE" x="0.93" y="0.76" />
    <a n="cutOutNW" x="0.31" y="0.64" />
    <a n="cutOutSE" x="0.8" y="-1.12" />
    <a n="cutOutSW" x="0.18" y="-1.6" />
  </g>
  <g c="E280" x="0.0" y="-176.0" w="193.0" h="628.0" h-a-x="193" n="accidentalQuarterToneFlatStein">
    <a n="cutOutNE" x="0.18" y="0.64" />
    <a n="cutOutNW" x="0.62" y="0.62" />
    <a n="cutOutSE" x="0.54" y="-0.42" />
    <a n="cutOutSW" x="0.27" y="-0.42" />
  </g>
  <g c="E281" x="0.0" y="-176.0" w="422.0" h="628.0" h-a-x="422" n="accidentalThreeQuarterTonesFlatZimmermann">
    <a n="cutOutNE" x="1.07" y="0.62" />
    <a n="cutOutNW" x="0.62" y="0.62" />
    <a n="cutOutSE" x="1.42" y="-0.42" />
    <a n="cutOutSW" x="0.27" y="-0.42" />
  </g>
  <g c="E282" x="0.0" y="-316.0" w="180.0" h="636.0" h-a-x="180" n="accidentalQuarterToneSharpStein">
    <a n="cutOutNE" x="0.44" y="0.77" />
    <a n="cutOutNW" x="0.28" y="0.69" />
    <a n="cutOutSE" x="0.44" y="-0.68" />
    <a n="cutOutSW" x="0.28" y="-0.75" />
  </g>
  <g c="E283" x="0.0" y="-328.0" w="290.0" h="667.0" h-a-x="290" n="accidentalThreeQuarterTonesSharpStein">
    <a n="cutOutNE" x="0.99" y="0.78" />
    <a n="cutOutNW" x="0.17" y="0.62" />
    <a n="cutOutSE" x="0.99" y="-0.62" />
    <a n="cutOutSW" x="0.17" y="-0.78" />
  </g>
  <g c="E440" x="0.0" y="-176.0" w="277.0" h="630.0" h-a-x="277" n="accidentalBuyukMucennebFlat">
    <a n="cutOutNE" x="0.95" y="0.64" />
    <a n="cutOutNW" x="0.28" y="1.46" />
    <a n="cutOutSE" x="0.84" y="-0.42" />
    <a n="cutOutSW" x="0.28" y="0.6" />
  </g>
  <g c="E442" x="0.0" y="-176.0" w="277.0" h="630.0" h-a-x="277" n="accidentalBakiyeFlat">
    <a n="cutOutNE" x="0.95" y="0.64" />
    <a n="cutOutNW" x="0.28" y="1.08" />
    <a n="cutOutSE" x="0.84" y="-0.42" />
    <a n="cutOutSW" x="0.28" y="0.69" />
  </g>
  <g c="E446" x="0.0" y="-316.0" w="348.0" h="634.0" h-a-x="348" n="accidentalKucukMucennebSharp">
    <a n="cutOutNE" x="0.77" y="0.81" />
    <a n="cutOutNW" x="0.62" y="0.68" />
    <a n="cutOutSE" x="0.76" y="-0.68" />
    <a n="cutOutSW" x="0.62" y="-0.8" />
  </g>
  <g c="E447" x="0.0" y="-332.0" w="348.0" h="666.0" h-a-x="348" n="accidentalBuyukMucennebSharp">
    <a n="cutOutNE" x="1.0" y="0.82" />
    <a n="cutOutNW" x="0.39" y="0.62" />
    <a n="cutOutSE" x="1.0" y="-0.62" />
    <a n="cutOutSW" x="0.39" y="-0.8" />
  </g>
  <g c="E4A0" x="0.0" y="0.0" w="361.0" h="235.0" h-a-x="360" n="articAccentAbove" />
  <g c="E4A1" x="0.0" y="-235.0" w="361.0" h="235.0" h-a-x="360" n="articAccentBelow" />
  <g c="E4A2" x="-0.25" y="0.0" w="78.5" h="78.0" h-a-x="78" n="articStaccatoAbove" />
  <g c="E4A3" x="-0.25" y="-78.0" w="78.5" h="78.0" h-a-x="78" n="articStaccatoBelow" />
  <g c="E4A4" x="0.0" y="0.0" w="316.0" h="46.0" h-a-x="316" n="articTenutoAbove" />
  <g c="E4A5" x="0.0" y="-46.0" w="316.0" h="46.0" h-a-x="316" n="articTenutoBelow" />
  <g c="E4A6" x="0.0" y="0.0" w="127.0" h="248.0" h-a-x="127" n="articStaccatissimoAbove" />
  <g c="E4A7" x="0.0" y="-248.0" w="127.0" h="248.0" h-a-x="127" n="articStaccatissimoBelow" />
  <g c="E4AC" x="1.0" y="0.0" w="295.0" h="253.0" h-a-x="295" n="articMarcatoAbove" />
  <g c="E4AD" x="0.0" y="-253.0" w="295.0" h="253.0" h-a-x="296" n="articMarcatoBelow" />
  <g c="E4AE" x="1.0" y="0.0" w="295.0" h="386.0" h-a-x="296" n="articMarcatoStaccatoAbove" />
  <g c="E4AF" x="0.0" y="-386.0" w="295.0" h="386.0" h-a-x="296" n="articMarcatoStaccatoBelow" />
  <g c="E4B0" x="0.0" y="0.0" w="361.0" h="344.0" h-a-x="360" n="articAccentStaccatoAbove" />
  <g c="E4B1" x="0.0" y="-344.0" w="361.0" h="344.0" h-a-x="360" n="articAccentStaccatoBelow" />
  <g c="E4B2" x="0.0" y="0.0" w="316.0" h="187.0" h-a-x="316" n="articTenutoStaccatoAbove" />
  <g c="E4B3" x="0.0" y="-187.0" w="316.0" h="187.0" h-a-x="316" n="articTenutoStaccatoBelow" />
  <g c="E4B4" x="0.0" y="0.0" w="361.0" h="358.0" h-a-x="360" n="articTenutoAccentAbove" />
  <g c="E4B5" x="0.0" y="-358.0" w="361.0" h="358.0" h-a-x="360" n="articTenutoAccentBelow" />
  <g c="E4B6" x="0.0" y="0.0" w="212.0" h="212.0" h-a-x="212" n="articStressAbove" />
  <g c="E4B7" x="0.0" y="-212.0" w="212.0" h="212.0" h-a-x="212" n="articStressBelow" />
  <g c="E4B8" x="0.0" y="-162.0" w="342.0" h="162.0" h-a-x="342" n="articUnstressAbove" />
  <g c="E4B9" x="0.0" y="0.0" w="342.0" h="162.0" h-a-x="342" n="articUnstressBelow" />
  <g c="E4BA" x="0.0" y="0.0" w="573.0" h="137.0" h-a-x="573" n="articLaissezVibrerAbove" />
  <g c="E4BB" x="0.0" y="-127.0" w="533.0" h="127.0" h-a-x="533" n="articLaissezVibrerBelow" />
  <g c="E4BC" x="0.0" y="0.0" w="316.0" h="369.0" h-a-x="316" n="articMarcatoTenutoAbove" />
  <g c="E4BD" x="0.0" y="-369.0" w="316.0" h="369.0" h-a-x="316" n="articMarcatoTenutoBelow" />
  <g c="E4C0" x="0.0" y="0.0" w="622.0" h="368.0" h-a-x="622" n="fermataAbove" />
  <g c="E4C1" x="0.0" y="-368.0" w="622.0" h="368.0" h-a-x="622" n="fermataBelow" />
  <g c="E4C4" x="0.0" y="0.0" w="642.0" h="454.0" h-a-x="642" n="fermataShortAbove" />
  <g c="E4C5" x="0.0" y="-454.0" w="642.0" h="454.0" h-a-x="642" n="fermataShortBelow" />
  <g c="E4C6" x="0.0" y="0.0" w="623.0" h="368.0" h-a-x="623" n="fermataLongAbove" />
  <g c="E4C7" x="0.0" y="-368.0" w="623.0" h="368.0" h-a-x="623" n="fermataLongBelow" />
  <g c="E4C8" x="0.0" y="0.0" w="842.0" h="549.0" h-a-x="842" n="fermataVeryLongAbove" />
  <g c="E4C9" x="0.0" y="-549.0" w="842.0" h="549.0" h-a-x="842" n="fermataVeryLongBelow" />
  <g c="E4D1" x="0.0" y="0.0" w="380.0" h="490.0" h-a-x="380" n="caesura" />
  <g c="E4D4" x="0.0" y="0.0" w="368.0" h="491.0" h-a-x="368" n="caesuraCurved" />
  <g c="E4E0" x="0.0" y="-250.0" w="450.0" h="500.0" h-a-x="450" n="restMaxima" />
  <g c="E4E1" x="0.0" y="-250.0" w="125.0" h="500.0" h-a-x="125" n="restLonga" />
  <g c="E4E2" x="0.0" y="-11.0" w="125.0" h="273.0" h-a-x="125" n="restDoubleWhole" />
  <g c="E4E3" x="0.0" y="-131.0" w="325.0" h="136.0" h-a-x="325" n="restWhole" />
  <g c="E4E4" x="0.0" y="-4.0" w="325.0" h="136.0" h-a-x="325" n="restHalf" />
  <g c="E4E5" x="0.0" y="-331.0" w="235.0" h="732.0" h-a-x="235" n="restQuarter" />
  <g c="E4E6" x="0.0" y="-255.0" w="276.0" h="459.0" h-a-x="276" n="rest8th" />
  <g c="E4E7" x="1.0" y="-507.0" w="343.0" h="711.0" h-a-x="344" n="rest16th" />
  <g c="E4E8" x="0.0" y="-507.0" w="391.0" h="967.0" h-a-x="391" n="rest32nd" />
  <g c="E4E9" x="0.0" y="-758.0" w="423.0" h="1222.0" h-a-x="423" n="rest64th" />
  <g c="E4EA" x="-1.0" y="-759.0" w="476.0" h="1476.0" h-a-x="475" n="rest128th" />
  <g c="E4EB" x="0.0" y="-998.0" w="527.0" h="1721.0" h-a-x="526" n="rest256th" />
  <g c="E4EC" x="0.0" y="-1004.0" w="579.0" h="1971.0" h-a-x="579" n="rest512th" />
  <g c="E4ED" x="1.0" y="-1004.0" w="633.0" h="2230.0" h-a-x="634" n="rest1024th" />
  <g c="E4F2" x="0.0" y="-255.0" w="276.0" h="459.0" h-a-x="276" n="restQuarterOld" />
  <g c="E510" x="0.0" y="0.0" w="306.0" h="399.0" h-a-x="306" n="ottava" />
  <g c="E511" x="0.0" y="0.0" w="846.0" h="400.0" h-a-x="846" n="ottavaAlta" />
  <g c="E512" x="0.0" y="0.0" w="838.0" h="399.0" h-a-x="838" n="ottavaBassa" />
  <g c="E513" x="0.0" y="0.0" w="878.0" h="399.0" h-a-x="878" n="ottavaBassaBa" />
  <g c="E514" x="0.0" y="-9.0" w="575.0" h="400.0" h-a-x="575" n="quindicesima" />
  <g c="E515" x="0.0" y="-9.0" w="1310.0" h="400.0" h-a-x="1310" n="quindicesimaAlta" />
  <g c="E516" x="0.0" y="-8.0" w="1288.0" h="400.0" h-a-x="1288" n="quindicesimaBassa" />
  <g c="E517" x="0.0" y="0.0" w="626.0" h="390.0" h-a-x="626" n="ventiduesima" />
  <g c="E518" x="0.0" y="0.0" w="1382.0" h="390.0" h-a-x="1382" n="ventiduesimaAlta" />
  <g c="E519" x="0.0" y="-5.0" w="1374.0" h="395.0" h-a-x="1374" n="ventiduesimaBassa" />
  <g c="E51A" x="0.0" y="-43.0" w="160.0" h="515.0" h-a-x="160" n="octaveParensLeft" />
  <g c="E51B" x="0.0" y="-43.0" w="160.0" h="515.0" h-a-x="160" n="octaveParensRight" />
  <g c="E51C" x="0.0" y="0.0" w="796.0" h="399.0" h-a-x="796" n="ottavaBassaVb" />
  <g c="E51D" x="0.0" y="-9.0" w="1254.0" h="400.0" h-a-x="1254" n="quindicesimaBassaMb" />
  <g c="E51E" x="0.0" y="-7.0" w="1329.0" h="397.0" h-a-x="1329" n="ventiduesimaBassaMb" />
  <g c="E520" x="-95.0" y="-163.0" w="412.0" h="426.0" h-a-x="350" n="dynamicPiano">
    <a n="opticalCenter" x="0.78" y="0.0" />
  </g>
  <g c="E521" x="-7.0" y="-2.0" w="381.0" h="253.0" h-a-x="391" n="dynamicMezzo">
    <a n="opticalCenter" x="0.79" y="0.0" />
  </g>
  <g c="E522" x="-137.0" y="-193.0" w="471.0" h="614.0" h-a-x="367" n="dynamicForte">
    <a n="opticalCenter" x="0.81" y="0.0" />
  </g>
  <g c="E523" x="-12.0" y="0.0" w="242.0" h="254.0" h-a-x="247" n="dynamicRinforzando">
    <a n="opticalCenter" x="0.56" y="0.0" />
  </g>
  <g c="E524" x="0.0" y="-5.0" w="208.0" h="268.0" h-a-x="208" n="dynamicSforzando">
    <a n="opticalCenter" x="0.48" y="0.0" />
  </g>
  <g c="E525" x="-42.0" y="-1.0" w="281.0" h="258.0" h-a-x="256" n="dynamicZ">
    <a n="opticalCenter" x="0.6" y="0.0" />
  </g>
  <g c="E526" x="-12.0" y="-1.0" w="267.0" h="255.0" h-a-x="272" n="dynamicNiente">
    <a n="opticalCenter" x="0.54" y="0.0" />
  </g>
  <g c="E566" x="-12.0" y="0.0" w="395.0" h="383.0" h-a-x="433" n="ornamentTrill" />
  <g c="E567" x="0.0" y="0.0" w="456.0" h="232.0" h-a-x="456" n="ornamentTurn" />
  <g c="E568" x="0.0" y="0.0" w="456.0" h="232.0" h-a-x="456" n="ornamentTurnInverted" />
  <g c="E569" x="0.0" y="-80.0" w="456.0" h="393.0" h-a-x="456" n="ornamentTurnSlash" />
  <g c="E56A" x="0.0" y="0.0" w="232.0" h="456.0" h-a-x="232" n="ornamentTurnUp" />
  <g c="E56B" x="0.0" y="0.0" w="232.0" h="456.0" h-a-x="232" n="ornamentTurnUpS" />
  <g c="E56C" x="0.0" y="0.0" w="473.0" h="248.0" h-a-x="473" n="ornamentShortTrill" />
  <g c="E56D" x="0.0" y="-77.0" w="473.0" h="393.0" h-a-x="473" n="ornamentMordent" />
  <g c="E56E" x="0.0" y="0.0" w="654.0" h="248.0" h-a-x="654" n="ornamentTremblement" />
  <g c="E5B2" x="0.0" y="0.0" w="680.0" h="388.0" h-a-x="680" n="ornamentPrecompAppoggTrill" />
  <g c="E5B5" x="0.0" y="-158.0" w="662.0" h="406.0" h-a-x="662" n="ornamentPrecompSlideTrillDAnglebert" />
  <g c="E5B8" x="0.0" y="-158.0" w="662.0" h="479.0" h-a-x="662" n="ornamentPrecompSlideTrillBach" />
  <g c="E5BB" x="0.0" y="0.0" w="662.0" h="406.0" h-a-x="662" n="ornamentPrecompTrillSuffixDandrieu" />
  <g c="E5BD" x="0.0" y="-73.0" w="653.0" h="393.0" h-a-x="653" n="ornamentPrecompTrillWithMordent" />
  <g c="E5C6" x="-1.0" y="0.0" w="703.0" h="389.0" h-a-x="702" n="ornamentPrecompMordentUpperPrefix" />
  <g c="E5C7" x="-0.03" y="-72.0" w="703.03" h="461.0" h-a-x="703" n="ornamentPrecompInvertedMordentUpperPrefix" />
  <g c="E5C8" x="0.0" y="-172.0" w="565.0" h="421.0" h-a-x="565" n="ornamentPrecompTrillLowerSuffix" />
  <g c="E5E5" x="0.0" y="0.0" w="312.0" h="312.0" h-a-x="312" n="brassMuteClosed" />
  <g c="E610" x="0.0" y="0.0" w="315.0" h="293.0" h-a-x="315" n="stringsDownBow" />
  <g c="E611" x="0.0" y="0.0" w="315.0" h="293.0" h-a-x="315" n="stringsDownBowTurned" />
  <g c="E612" x="0.0" y="0.0" w="262.0" h="343.0" h-a-x="262" n="stringsUpBow" />
  <g c="E613" x="0.0" y="37.0" w="262.0" h="343.0" h-a-x="262" n="stringsUpBowTurned" />
  <g c="E614" x="0.0" y="0.0" w="181.0" h="181.0" h-a-x="181" n="stringsHarmonic" />
  <g c="E630" x="0.0" y="0.0" w="269.0" h="389.0" h-a-x="269" n="pluckedSnapPizzicatoBelow" />
  <g c="E631" x="0.0" y="0.0" w="269.0" h="389.0" h-a-x="269" n="pluckedSnapPizzicatoAbove" />
  <g c="E632" x="0.0" y="0.0" w="389.0" h="269.0" h-a-x="389" n="pluckedBuzzPizzicato" />
  <g c="E650" x="0.0" y="-10.0" w="981.0" h="555.0" h-a-x="981" n="keyboardPedalPed" />
  <g c="E651" x="0.0" y="-10.0" w="450.0" h="555.0" h-a-x="450" n="keyboardPedalP" />
  <g c="E655" x="0.0" y="0.0" w="473.0" h="473.0" h-a-x="473" n="keyboardPedalUp" />
  <g c="E880" x="0.0" y="-7.0" w="273.0" h="370.0" h-a-x="273" n="tuplet0" />
  <g c="E881" x="0.0" y="0.0" w="239.0" h="363.0" h-a-x="239" n="tuplet1" />
  <g c="E882" x="0.0" y="0.0" w="297.0" h="362.0" h-a-x="297" n="tuplet2" />
  <g c="E883" x="0.0" y="-8.0" w="279.0" h="370.0" h-a-x="279" n="tuplet3" />
  <g c="E884" x="0.0" y="0.0" w="286.0" h="363.0" h-a-x="286" n="tuplet4" />
  <g c="E885" x="0.0" y="-6.0" w="295.0" h="370.0" h-a-x="295" n="tuplet5" />
  <g c="E886" x="0.0" y="-5.0" w="279.0" h="370.0" h-a-x="279" n="tuplet6" />
  <g c="E887" x="0.0" y="-5.0" w="272.0" h="370.0" h-a-x="272" n="tuplet7" />
  <g c="E888" x="0.0" y="-5.0" w="283.0" h="370.0" h-a-x="283" n="tuplet8" />
  <g c="E889" x="0.0" y="0.0" w="279.0" h="370.0" h-a-x="279" n="tuplet9" />
  <g c="E88A" x="0.0" y="58.0" w="111.0" h="210.0" h-a-x="111" n="tupletColon" />
  <g c="E93C" x="0.0" y="-132.0" w="335.0" h="265.0" h-a-x="325" n="mensuralNoteheadMinimaWhite">
    <a n="stemDownNW" x="0.0" y="0.0" />
    <a n="stemUpSE" x="1.37" y="0.0" />
  </g>
  <g c="E93D" x="0.0" y="-132.0" w="335.0" h="265.0" h-a-x="325" n="mensuralNoteheadSemiminimaWhite">
    <a n="stemDownNW" x="0.0" y="0.0" />
    <a n="stemUpSE" x="1.37" y="0.0" />
  </g>
  <g c="EAA4" x="-27.0" y="117.0" w="264.0" h="164.0" h-a-x="220" n="wiggleTrill">
    <a n="repeatOffset" x="0.88" y="0.0" />
  </g>
  <g c="EAA9" x="-22.0" y="0.0" w="264.0" h="164.0" h-a-x="220" n="wiggleArpeggiatoUp">
    <a n="repeatOffset" x="0.88" y="0.0" />
  </g>
  <g c="EAAA" x="-22.0" y="0.0" w="264.0" h="164.0" h-a-x="220" n="wiggleArpeggiatoDown">
    <a n="repeatOffset" x="0.88" y="0.0" />
  </g>
  <g c="EAAD" x="-24.0" y="-83.0" w="283.0" h="343.0" h-a-x="259" n="wiggleArpeggiatoUpArrow" />
  <g c="EAAE" x="0.0" y="-84.0" w="283.0" h="343.0" h-a-x="259" n="wiggleArpeggiatoDownArrow" />
  <g c="ECA3" x="0.0" y="-172.0" w="425.0" h="1036.0" h-a-x="425" n="metNoteHalfUp" />
  <g c="ECA5" x="-1.0" y="-173.0" w="426.0" h="1036.0" h-a-x="425" n="metNoteQuarterUp" />
  <g c="ECA7" x="0.0" y="-172.0" w="711.0" h="1073.0" h-a-x="712" n="metNote8thUp" />
  <g c="ECA9" x="0.0" y="-172.0" w="711.0" h="1098.0" h-a-x="712" n="metNote16thUp" />
  <g c="ECB7" x="0.0" y="-78.0" w="155.0" h="156.0" h-a-x="155" n="metAugmentationDot" />
  <g c="F400" x="0.0" y="5.0" w="90.0" h="990.0" h-a-x="90" n="braceSmall" />
  <g c="F401" x="-1.0" y="4.59" w="52.0" h="990.41" h-a-x="51" n="braceLarge" />
  <g c="F402" x="0.0" y="4.59" w="44.0" h="990.41" h-a-x="44" n="braceLarger" />
  <g c="F403" x="0.0" y="5.0" w="38.0" h="990.0" h-a-x="38" n="braceFlat" />
  <g c="F40F" x="0.0" y="-200.0" w="289.0" h="200.0" h-a-x="289" n="flag8thUpStraight">
    <a n="stemUpNW" x="0.0" y="-0.04" />
  </g>
  <g c="F412" x="0.0" y="-388.0" w="289.0" h="388.0" h-a-x="289" n="flag16thUpStraight">
    <a n="stemUpNW" x="0.0" y="-0.02" />
  </g>
  <g c="F415" x="0.0" y="-388.0" w="289.0" h="576.0" h-a-x="289" n="flag32ndUpStraight">
    <a n="stemUpNW" x="0.0" y="0.71" />
  </g>
  <g c="F411" x="0.0" y="0.0" w="306.0" h="204.0" h-a-x="306" n="flag8thDownStraight">
    <a n="stemDownSW" x="0.0" y="0.04" />
  </g>
  <g c="F414" x="0.0" y="0.0" w="306.0" h="392.0" h-a-x="306" n="flag16thDownStraight">
    <a n="stemDownSW" x="0.0" y="0.04" />
  </g>
  <g c="F417" x="0.0" y="-188.0" w="306.0" h="580.0" h-a-x="306" n="flag32ndDownStraight">
    <a n="stemDownSW" x="0.0" y="-0.71" />
  </g>
  <g c="E0F5" x="0.0" y="-210.0" w="98.0" h="421.0" h-a-x="98" n="noteheadParenthesisLeft" />
  <g c="E0F6" x="0.0" y="-210.0" w="98.0" h="421.0" h-a-x="98" n="noteheadParenthesisRight" />
  <g c="F418" x="0.0" y="-388.0" w="289.0" h="762.0" h-a-x="289" n="flag64thUpStraight">
    <a n="stemUpNW" x="0.0" y="1.46" />
  </g>
  <g c="F41A" x="0.0" y="-376.0" w="306.0" h="767.0" h-a-x="306" n="flag64thDownStraight">
    <a n="stemDownSW" x="0.0" y="-1.46" />
  </g>
  <g c="F41B" x="0.0" y="-388.0" w="289.0" h="949.0" h-a-x="289" n="flag128thUpStraight">
    <a n="stemUpNW" x="0.0" y="2.2" />
  </g>
  <g c="F41D" x="0.0" y="-563.0" w="306.0" h="955.0" h-a-x="306" n="flag128thDownStraight">
    <a n="stemDownSW" x="0.0" y="-2.21" />
  </g>
  <g c="F41E" x="0.0" y="-388.0" w="289.0" h="1137.0" h-a-x="289" n="flag256thUpStraight">
    <a n="stemUpNW" x="0.0" y="2.95" />
  </g>
  <g c="F420" x="0.0" y="-750.0" w="306.0" h="1142.0" h-a-x="306" n="flag256thDownStraight">
    <a n="stemDownSW" x="0.0" y="-2.96" />
  </g>
  <g c="F421" x="0.0" y="-388.0" w="289.0" h="1324.0" h-a-x="289" n="flag512thUpStraight">
    <a n="stemUpNW" x="0.0" y="3.7" />
  </g>
  <g c="F423" x="0.0" y="-938.0" w="306.0" h="1330.0" h-a-x="306" n="flag512thDownStraight">
    <a n="stemDownSW" x="0.0" y="-3.71" />
  </g>
  <g c="F424" x="0.0" y="-388.0" w="289.0" h="1511.0" h-a-x="289" n="flag1024thUpStraight">
    <a n="stemUpNW" x="0.0" y="4.45" />
  </g>
  <g c="F426" x="0.0" y="-1125.0" w="306.0" h="1517.0" h-a-x="306" n="flag1024thDownStraight">
    <a n="stemDownSW" x="0.0" y="-4.46" />
  </g>
  <g c="ECAB" x="0.0" y="-173.0" w="711.0" h="1316.0" h-a-x="712" n="metNote32ndUp" />
  <g c="ECA2" x="0.0" y="-172.0" w="475.0" h="344.0" h-a-x="475" n="metNoteWhole" />
  <g c="ECA0" x="0.0" y="-222.0" w="672.0" h="446.0" h-a-x="672" n="metNoteDoubleWhole" />
  <g c="E4F6" x="0.0" y="-202.0" w="317.0" h="409.0" h-a-x="317" n="restQuarterZ" />
  <g c="E06A" x="0.0" y="-438.0" w="304.0" h="877.0" h-a-x="304" n="unpitchedPercussionClef2" />
  <g c="E4CE" x="0.0" y="0.0" w="191.0" h="321.0" h-a-x="191" n="breathMarkComma" />
  <g c="E4D3" x="0.0" y="-1.0" w="184.0" h="502.0" h-a-x="184" n="caesuraShort" />
  <g c="E500" x="0.0" y="-250.0" w="481.0" h="500.0" h-a-x="481" n="repeat1Bar" />
  <g c="E501" x="0.0" y="-250.0" w="735.0" h="500.0" h-a-x="735" n="repeat2Bars" />
  <g c="E502" x="0.0" y="-250.0" w="1243.0" h="500.0" h-a-x="1243" n="repeat4Bars" />
  <g c="E4A8" x="0.0" y="0.0" w="122.0" h="254.0" h-a-x="122" n="articStaccatissimoWedgeAbove" />
  <g c="E4A9" x="0.0" y="-254.0" w="122.0" h="254.0" h-a-x="122" n="articStaccatissimoWedgeBelow" />
  <g c="E56F" x="0.0" y="-13.0" w="503.0" h="250.0" h-a-x="503" n="ornamentHaydn" />
  <g c="E587" x="0.0" y="0.0" w="751.0" h="473.0" h-a-x="591" n="ornamentSchleifer" />
  <g c="E5E6" x="0.0" y="0.0" w="280.0" h="280.0" h-a-x="280" n="brassMuteHalfClosed" />
  <g c="E5E7" x="0.0" y="0.0" w="280.0" h="280.0" h-a-x="280" n="brassMuteOpen" />
  <g c="F4BA" x="0.0" y="-178.0" w="391.0" h="357.0" h-a-x="391" n="noteheadDoubleWholeAlt" />
  <g c="F40E" x="1.0" y="-222.0" w="488.0" h="446.0" h-a-x="488" n="noteDoubleWholeAlt" />
  <g c="E59D" x="-43.0" y="0.0" w="231.0" h="247.0" h-a-x="172" n="ornamentZigZagLineNoRightEnd">
    <a n="repeatOffset" x="0.69" y="0.0" />
  </g>
  <g c="E5BC" x="0.0" y="-72.0" w="918.0" h="393.0" h-a-x="918" n="ornamentPrecompPortDeVoixMordent" />
  <g c="E59E" x="-2.0" y="0.0" w="263.0" h="248.0" h-a-x="261" n="ornamentZigZagLineWithRightEnd" />
  <g c="E5C0" x="0.0" y="0.0" w="884.0" h="248.0" h-a-x="884" n="ornamentPrecompDoubleCadenceLowerPrefix" />
  <g c="E5C3" x="0.0" y="0.0" w="857.0" h="248.0" h-a-x="857" n="ornamentPrecompDoubleCadenceUpperPrefix" />
  <g c="E5BE" x="0.0" y="0.0" w="704.0" h="248.0" h-a-x="704" n="ornamentPrecompCadence" />
  <g c="E583" x="0.0" y="109.0" w="37.0" h="280.0" h-a-x="37" n="ornamentVerticalLine" />
  <g c="E503" x="1.0" y="62.0" w="126.0" h="126.0" h-a-x="127" n="repeatBarUpperDot" />
  <g c="E504" x="0.0" y="-250.0" w="481.0" h="500.0" h-a-x="481" n="repeatBarSlash" />
  <g c="E505" x="1.0" y="-190.0" w="126.0" h="126.0" h-a-x="127" n="repeatBarLowerDot" />
  <g c="E4D7" x="0.0" y="-1.0" w="46.0" h="502.0" h-a-x="46" n="caesuraSingleStroke" />
</bounding-boxes>