<?xml version='1.0' encoding='UTF-8'?>
<bounding-boxes font-family="Petaluma" units-per-em="1000">
  <g c="0020" x="0.0" y="0.0" w="0.0" h="0.0" h-a-x="600" n="space" />
  <g c="266D" x="-10.0" y="-231.0" w="208.0" h="680.0" h-a-x="198" n="musicFlatSign" />
  <g c="266E" x="0.0" y="-463.0" w="213.5" h="918.0" h-a-x="213" n="musicNaturalSign" />
  <g c="266F" x="-25.0" y="-356.0" w="412.0" h="767.0" h-a-x="377" n="musicSharpSign" />
  <g c="E440" x="1.87" y="-248.0" w="285.13" h="680.47" h-a-x="287" n="accidentalBuyukMucennebFlat">
    <a n="cutOutSE" x="0.87" y="0.31" />
    <a n="cutOutSW" x="0.32" y="1.46" />
  </g>
  <g c="E441" x="-10.0" y="-231.0" w="208.0" h="680.0" h-a-x="198" n="accidentalKucukMucennebFlat">
    <a n="cutOutNE" x="0.29" y="1.77" />
    <a n="cutOutSE" x="0.29" y="0.16" />
  </g>
  <g c="E442" x="1.87" y="-236.0" w="285.13" h="680.0" h-a-x="287" n="accidentalBakiyeFlat">
    <a n="cutOutNE" x="0.64" y="2.59" />
    <a n="cutOutNW" x="0.4" y="2.22" />
    <a n="cutOutSE" x="0.67" y="0.16" />
    <a n="cutOutSW" x="0.29" y="1.58" />
  </g>
  <g c="E443" x="-10.0" y="-231.0" w="208.0" h="680.0" h-a-x="198" n="accidentalKomaFlat">
    <a n="cutOutNW" x="0.55" y="1.72" />
    <a n="cutOutSW" x="0.49" y="0.12" />
  </g>
  <g c="E444" x="0.0" y="-338.0" w="300.0" h="689.0" h-a-x="300" n="accidentalKomaSharp">
    <a n="cutOutNE" x="0.72" y="2.17" />
    <a n="cutOutNW" x="0.51" y="2.04" />
    <a n="cutOutSE" x="0.66" y="0.71" />
    <a n="cutOutSW" x="0.43" y="0.52" />
  </g>
  <g c="E445" x="-25.0" y="-356.0" w="412.0" h="767.0" h-a-x="377" n="accidentalBakiyeSharp">
    <a n="cutOutNE" x="1.19" y="2.43" />
    <a n="cutOutNW" x="0.62" y="2.16" />
    <a n="cutOutSE" x="1.18" y="0.76" />
    <a n="cutOutSW" x="0.55" y="0.49" />
  </g>
  <g c="E446" x="-0.15" y="-420.0" w="359.15" h="763.0" h-a-x="360" n="accidentalKucukMucennebSharp">
    <a n="cutOutNE" x="0.91" y="2.6" />
    <a n="cutOutNW" x="0.66" y="2.46" />
    <a n="cutOutSE" x="0.8" y="0.69" />
    <a n="cutOutSW" x="0.61" y="0.63" />
  </g>
  <g c="E447" x="-1.0" y="-460.0" w="468.0" h="810.0" h-a-x="468" n="accidentalBuyukMucennebSharp">
    <a n="cutOutNE" x="1.43" y="2.74" />
    <a n="cutOutNW" x="0.6" y="2.59" />
    <a n="cutOutSE" x="1.4" y="0.91" />
    <a n="cutOutSW" x="0.6" y="0.73" />
  </g>
  <g c="E4A0" x="0.0" y="0.0" w="425.0" h="326.0" h-a-x="425" n="articAccentAbove" />
  <g c="E4A1" x="0.0" y="-326.0" w="425.0" h="326.0" h-a-x="425" n="articAccentBelow" />
  <g c="E4A2" x="1.42" y="0.0" w="110.58" h="156.0" h-a-x="111" n="articStaccatoAbove" />
  <g c="E4A3" x="1.42" y="-156.0" w="110.67" h="156.0" h-a-x="111" n="articStaccatoBelow" />
  <g c="E4A4" x="0.35" y="0.0" w="470.77" h="56.0" h-a-x="471" n="articTenutoAbove" />
  <g c="E4A5" x="0.35" y="-59.0" w="470.77" h="56.0" h-a-x="471" n="articTenutoBelow" />
  <g c="E4A6" x="0.0" y="0.0" w="139.0" h="411.0" h-a-x="139" n="articStaccatissimoAbove" />
  <g c="E4A7" x="0.0" y="-411.0" w="139.0" h="411.0" h-a-x="139" n="articStaccatissimoBelow" />
  <g c="E4A8" x="0.0" y="0.0" w="85.0" h="295.0" h-a-x="85" n="articStaccatissimoWedgeAbove" />
  <g c="E4A9" x="0.0" y="-295.0" w="85.0" h="295.0" h-a-x="85" n="articStaccatissimoWedgeBelow" />
  <g c="E4AA" x="-0.1" y="0.0" w="64.1" h="452.0" h-a-x="64" n="articStaccatissimoStrokeAbove" />
  <g c="E4AB" x="0.0" y="-452.0" w="64.1" h="452.0" h-a-x="64" n="articStaccatissimoStrokeBelow" />
  <g c="E4AC" x="0.04" y="0.0" w="395.96" h="328.0" h-a-x="396" n="articMarcatoAbove" />
  <g c="E4AD" x="0.0" y="-328.0" w="395.96" h="328.0" h-a-x="396" n="articMarcatoBelow" />
  <g c="E4AE" x="0.0" y="0.0" w="416.0" h="483.0" h-a-x="416" n="articMarcatoStaccatoAbove" />
  <g c="E4AF" x="0.0" y="-483.0" w="416.0" h="483.0" h-a-x="416" n="articMarcatoStaccatoBelow" />
  <g c="E4B0" x="0.0" y="0.0" w="385.0" h="505.0" h-a-x="385" n="articAccentStaccatoAbove" />
  <g c="E4B1" x="0.0" y="-505.66" w="385.0" h="504.66" h-a-x="385" n="articAccentStaccatoBelow" />
  <g c="E4B2" x="0.0" y="0.0" w="472.0" h="270.0" h-a-x="472" n="articTenutoStaccatoAbove" />
  <g c="E4B3" x="0.0" y="-270.0" w="472.0" h="270.0" h-a-x="472" n="articTenutoStaccatoBelow" />
  <g c="E4B4" x="0.0" y="0.0" w="521.0" h="438.0" h-a-x="521" n="articTenutoAccentAbove" />
  <g c="E4B5" x="0.0" y="-438.0" w="521.0" h="438.0" h-a-x="521" n="articTenutoAccentBelow" />
  <g c="E4B6" x="0.0" y="0.0" w="305.0" h="319.0" h-a-x="305" n="articStressAbove" />
  <g c="E4B7" x="0.0" y="-319.0" w="305.0" h="319.0" h-a-x="305" n="articStressBelow" />
  <g c="E4B8" x="0.0" y="0.0" w="492.0" h="296.0" h-a-x="492" n="articUnstressAbove" />
  <g c="E4B9" x="0.0" y="-296.0" w="492.0" h="296.0" h-a-x="492" n="articUnstressBelow" />
  <g c="E4BA" x="-0.4" y="0.0" w="412.4" h="181.0" h-a-x="413" n="articLaissezVibrerAbove" />
  <g c="E4BB" x="-0.4" y="-181.0" w="412.4" h="181.0" h-a-x="412" n="articLaissezVibrerBelow" />
  <g c="E4BC" x="0.0" y="0.0" w="537.0" h="422.0" h-a-x="537" n="articMarcatoTenutoAbove" />
  <g c="E4BD" x="0.0" y="-422.0" w="537.0" h="422.0" h-a-x="537" n="articMarcatoTenutoBelow" />
  <g c="E500" x="0.0" y="-250.0" w="599.11" h="425.0" h-a-x="599" n="repeat1Bar" />
  <g c="E501" x="0.01" y="-246.92" w="774.99" h="609.74" h-a-x="775" n="repeat2Bars" />
  <g c="E502" x="0.0" y="-304.0" w="1374.0" h="608.0" h-a-x="1374" n="repeat4Bars" />
  <g c="E503" x="0.0" y="62.0" w="114.0" h="151.0" h-a-x="114" n="repeatBarUpperDot" />
  <g c="E504" x="0.0" y="-225.19" w="630.0" h="490.32" h-a-x="630" n="repeatBarSlash" />
  <g c="E505" x="0.0" y="-206.0" w="114.0" h="151.0" h-a-x="114" n="repeatBarLowerDot" />
  <g c="E5E5" x="0.0" y="0.0" w="274.0" h="260.0" h-a-x="274" n="brassMuteClosed" />
  <g c="E5E6" x="0.5" y="0.0" w="314.5" h="309.0" h-a-x="315" n="brassMuteHalfClosed" />
  <g c="E5E7" x="1.0" y="0.0" w="312.01" h="309.0" h-a-x="312" n="brassMuteOpen" />
  <g c="E050" x="0.0" y="-559.0" w="664.0" h="1568.0" h-a-x="664" n="gClef" />
  <g c="E051" x="0.0" y="-885.0" w="664.0" h="1894.0" h-a-x="664" n="gClef15mb" />
  <g c="E052" x="0.0" y="-840.0" w="664.0" h="1849.0" h-a-x="664" n="gClef8vb" />
  <g c="E053" x="0.0" y="-559.0" w="664.0" h="1872.21" h-a-x="664" n="gClef8va" />
  <g c="E054" x="0.0" y="-559.0" w="664.0" h="1909.65" h-a-x="664" n="gClef15ma" />
  <g c="E055" x="0.0" y="-559.0" w="1040.0" h="1568.0" h-a-x="1040" n="gClef8vbOld" />
  <g c="E056" x="0.0" y="-561.0" w="822.0" h="1567.35" h-a-x="822" n="gClef8vbCClef" />
  <g c="E05C" x="0.0" y="-543.0" w="731.0" h="1086.0" h-a-x="731" n="cClef" />
  <g c="E05D" x="0.0" y="-921.0" w="731.0" h="1464.0" h-a-x="731" n="cClef8vb" />
  <g c="E062" x="0.0" y="-496.0" w="776.0" h="712.0" h-a-x="776" n="fClef" />
  <g c="E063" x="0.0" y="-856.0" w="776.0" h="1072.0" h-a-x="776" n="fClef15mb" />
  <g c="E064" x="0.0" y="-814.0" w="776.0" h="1030.0" h-a-x="776" n="fClef8vb" />
  <g c="E065" x="0.0" y="-496.0" w="776.0" h="1053.21" h-a-x="776" n="fClef8va" />
  <g c="E066" x="0.0" y="-496.0" w="776.0" h="1060.65" h-a-x="776" n="fClef15ma" />
  <g c="E069" x="0.0" y="-250.0" w="379.14" h="500.0" h-a-x="379" n="unpitchedPercussionClef1" />
  <g c="E06A" x="0.0" y="-447.0" w="298.34" h="894.0" h-a-x="298" n="unpitchedPercussionClef2" />
  <g c="E06D" x="0.0" y="-768.0" w="438.0" h="1535.0" h-a-x="438" n="6stringTabClef" />
  <g c="E06E" x="0.0" y="-496.0" w="287.0" h="991.15" h-a-x="287" n="4stringTabClef" />
  <g c="E073" x="0.0" y="-559.0" w="664.0" h="1568.0" h-a-x="664" n="gClefReversed" />
  <g c="E074" x="0.0" y="-560.0" w="664.0" h="1568.0" h-a-x="664" n="gClefTurned" />
  <g c="E075" x="0.0" y="-543.0" w="731.0" h="1086.0" h-a-x="731" n="cClefReversed" />
  <g c="E076" x="0.0" y="-463.0" w="776.0" h="712.0" h-a-x="776" n="fClefReversed" />
  <g c="E077" x="0.0" y="-463.0" w="776.0" h="712.0" h-a-x="776" n="fClefTurned" />
  <g c="E07A" x="0.0" y="-397.0" w="442.0" h="1046.0" h-a-x="442" n="gClefChange" />
  <g c="E07B" x="0.0" y="-326.0" w="439.0" h="652.0" h-a-x="439" n="cClefChange" />
  <g c="E07C" x="0.0" y="-327.0" w="518.0" h="474.55" h-a-x="518" n="fClefChange" />
  <g c="E566" x="1.0" y="-18.0" w="550.0" h="557.0" h-a-x="551" n="ornamentTrill" />
  <g c="E567" x="0.0" y="0.0" w="574.0" h="312.0" h-a-x="574" n="ornamentTurn" />
  <g c="E568" x="0.0" y="0.0" w="574.0" h="312.0" h-a-x="600" n="ornamentTurnInverted" />
  <g c="E569" x="0.0" y="-106.0" w="574.0" h="511.0" h-a-x="574" n="ornamentTurnSlash" />
  <g c="E56A" x="0.0" y="0.0" w="312.0" h="574.0" h-a-x="312" n="ornamentTurnUp" />
  <g c="E56B" x="0.0" y="0.0" w="312.0" h="574.0" h-a-x="312" n="ornamentTurnUpS" />
  <g c="E56C" x="0.0" y="0.0" w="747.0" h="243.0" h-a-x="747" n="ornamentShortTrill" />
  <g c="E56D" x="0.0" y="0.0" w="700.0" h="497.0" h-a-x="700" n="ornamentMordent" />
  <g c="E56E" x="0.0" y="0.0" w="982.18" h="224.0" h-a-x="982" n="ornamentTremblement" />
  <g c="E56F" x="0.0" y="-101.08" w="500.0" h="361.12" h-a-x="500" n="ornamentHaydn" />
  <g c="E520" x="-49.0" y="-142.0" w="375.5" h="657.0" h-a-x="327" n="dynamicPiano">
    <a n="opticalCenter" x="1.22" y="0.0" />
  </g>
  <g c="E521" x="-18.0" y="-50.0" w="577.0" h="415.0" h-a-x="500" n="dynamicMezzo">
    <a n="opticalCenter" x="0.87" y="0.0" />
  </g>
  <g c="E522" x="-144.0" y="-115.39" w="455.3" h="619.39" h-a-x="281" n="dynamicForte">
    <a n="opticalCenter" x="1.26" y="0.0" />
  </g>
  <g c="E523" x="-75.0" y="-90.0" w="397.1" h="415.0" h-a-x="310" n="dynamicRinforzando">
    <a n="opticalCenter" x="0.61" y="0.0" />
  </g>
  <g c="E524" x="0.0" y="0.0" w="296.0" h="379.0" h-a-x="296" n="dynamicSforzando">
    <a n="opticalCenter" x="0.44" y="0.0" />
  </g>
  <g c="E525" x="-42.74" y="0.0" w="373.74" h="328.0" h-a-x="331" n="dynamicZ">
    <a n="opticalCenter" x="0.5" y="0.0" />
  </g>
  <g c="E526" x="-20.0" y="0.0" w="307.0" h="414.0" h-a-x="287" n="dynamicNiente">
    <a n="opticalCenter" x="0.62" y="0.0" />
  </g>
  <g c="E527" x="-103.0" y="-274.0" w="1901.03" h="668.0" h-a-x="1798" n="dynamicPPPPPP">
    <a n="opticalCenter" x="4.25" y="0.0" />
  </g>
  <g c="E528" x="-99.0" y="-285.0" w="1595.0" h="658.0" h-a-x="1496" n="dynamicPPPPP">
    <a n="opticalCenter" x="3.55" y="0.0" />
  </g>
  <g c="E529" x="-114.0" y="-277.06" w="1311.0" h="663.06" h-a-x="1197" n="dynamicPPPP">
    <a n="opticalCenter" x="3.0" y="0.0" />
  </g>
  <g c="E52A" x="-101.13" y="-321.0" w="994.13" h="679.0" h-a-x="893" n="dynamicPPP">
    <a n="opticalCenter" x="2.37" y="0.0" />
  </g>
  <g c="E52B" x="-96.0" y="-282.57" w="683.0" h="662.98" h-a-x="587" n="dynamicPP">
    <a n="opticalCenter" x="1.71" y="0.0" />
  </g>
  <g c="E52C" x="-25.0" y="-243.0" w="835.02" h="654.0" h-a-x="810" n="dynamicMP">
    <a n="opticalCenter" x="1.85" y="0.0" />
  </g>
  <g c="E52D" x="-15.0" y="-186.0" w="886.39" h="618.0" h-a-x="866" n="dynamicMF">
    <a n="opticalCenter" x="1.8" y="0.0" />
  </g>
  <g c="E52E" x="-44.0" y="-274.0" w="712.0" h="715.0" h-a-x="668" n="dynamicPF">
    <a n="opticalCenter" x="1.68" y="0.0" />
  </g>
  <g c="E52F" x="-119.0" y="-197.0" w="702.0" h="625.0" h-a-x="583" n="dynamicFF">
    <a n="opticalCenter" x="1.85" y="0.0" />
  </g>
  <g c="E530" x="-49.0" y="-197.0" w="945.0" h="632.0" h-a-x="896" n="dynamicFFF">
    <a n="opticalCenter" x="2.47" y="0.0" />
  </g>
  <g c="E531" x="-49.0" y="-197.0" w="1222.0" h="645.0" h-a-x="1173" n="dynamicFFFF">
    <a n="opticalCenter" x="2.82" y="0.0" />
  </g>
  <g c="E532" x="-49.0" y="-195.2" w="1423.0" h="669.2" h-a-x="1374" n="dynamicFFFFF">
    <a n="opticalCenter" x="2.98" y="0.0" />
  </g>
  <g c="E533" x="-49.0" y="-197.0" w="1676.0" h="669.0" h-a-x="1627" n="dynamicFFFFFF">
    <a n="opticalCenter" x="3.5" y="0.0" />
  </g>
  <g c="E534" x="-49.0" y="-245.82" w="728.0" h="717.82" h-a-x="679" n="dynamicFortePiano">
    <a n="opticalCenter" x="1.5" y="0.0" />
  </g>
  <g c="E535" x="-49.0" y="-195.39" w="753.0" h="619.39" h-a-x="704" n="dynamicForzando">
    <a n="opticalCenter" x="1.35" y="0.0" />
  </g>
  <g c="E536" x="0.0" y="-155.0" w="655.5" h="619.0" h-a-x="685" n="dynamicSforzando1">
    <a n="opticalCenter" x="1.3" y="0.0" />
  </g>
  <g c="E537" x="0.0" y="-232.0" w="946.5" h="696.0" h-a-x="947" n="dynamicSforzandoPiano">
    <a n="opticalCenter" x="1.9" y="0.0" />
  </g>
  <g c="E538" x="0.0" y="-242.0" w="1270.5" h="716.0" h-a-x="1271" n="dynamicSforzandoPianissimo">
    <a n="opticalCenter" x="1.97" y="0.0" />
  </g>
  <g c="E539" x="0.0" y="-166.0" w="936.0" h="619.0" h-a-x="936" n="dynamicSforzato">
    <a n="opticalCenter" x="1.76" y="0.0" />
  </g>
  <g c="E53A" x="0.0" y="-280.0" w="1259.5" h="734.0" h-a-x="1260" n="dynamicSforzatoPiano">
    <a n="opticalCenter" x="1.85" y="0.0" />
  </g>
  <g c="E53B" x="0.0" y="-169.0" w="1181.0" h="625.0" h-a-x="1181" n="dynamicSforzatoFF">
    <a n="opticalCenter" x="2.28" y="0.0" />
  </g>
  <g c="E53C" x="-75.0" y="-115.39" w="729.5" h="619.39" h-a-x="654" n="dynamicRinforzando1">
    <a n="opticalCenter" x="1.56" y="0.0" />
  </g>
  <g c="E53D" x="-75.0" y="-155.39" w="1046.0" h="619.39" h-a-x="971" n="dynamicRinforzando2">
    <a n="opticalCenter" x="2.08" y="0.0" />
  </g>
  <g c="EA50" x="20.0" y="-1.0" w="180.23" h="252.0" h-a-x="220" n="figbass0" />
  <g c="EA51" x="19.8" y="0.0" w="147.2" h="247.0" h-a-x="187" n="figbass1" />
  <g c="EA52" x="20.0" y="0.94" w="188.19" h="237.06" h-a-x="228" n="figbass2" />
  <g c="EA53" x="20.0" y="-59.13" w="188.19" h="295.13" h-a-x="228" n="figbass2Raised" />
  <g c="EA54" x="20.0" y="0.0" w="182.0" h="251.52" h-a-x="222" n="figbass3" />
  <g c="EA55" x="19.61" y="-13.0" w="162.39" h="288.0" h-a-x="202" n="figbass4" />
  <g c="EA56" x="20.45" y="2.34" w="205.77" h="279.74" h-a-x="246" n="figbass4Raised" />
  <g c="EA57" x="20.0" y="0.0" w="187.0" h="260.0" h-a-x="227" n="figbass5" />
  <g c="EA58" x="20.0" y="0.0" w="187.0" h="312.0" h-a-x="227" n="figbass5Raised1" />
  <g c="EA59" x="20.0" y="0.0" w="191.0" h="295.75" h-a-x="231" n="figbass5Raised2" />
  <g c="EA5A" x="20.0" y="-56.31" w="187.0" h="372.86" h-a-x="227" n="figbass5Raised3" />
  <g c="EA5B" x="19.81" y="-7.01" w="185.32" h="260.75" h-a-x="225" n="figbass6" />
  <g c="EA5C" x="-47.25" y="-15.26" w="349.38" h="275.37" h-a-x="213" n="figbass6Raised" />
  <g c="EA5D" x="20.07" y="-7.85" w="170.93" h="235.1" h-a-x="211" n="figbass7" />
  <g c="EA5E" x="20.05" y="0.0" w="160.07" h="301.0" h-a-x="200" n="figbass7Raised1" />
  <g c="EA5F" x="20.37" y="5.91" w="180.48" h="229.45" h-a-x="221" n="figbass7Raised2" />
  <g c="EA60" x="20.0" y="-5.0" w="146.0" h="291.0" h-a-x="186" n="figbass8" />
  <g c="EA61" x="20.0" y="-10.0" w="159.0" h="315.0" h-a-x="199" n="figbass9" />
  <g c="EA62" x="20.0" y="-16.0" w="237.0" h="354.0" h-a-x="277" n="figbass9Raised" />
  <g c="EA63" x="20.0" y="0.0" w="199.0" h="370.0" h-a-x="239" n="figbassDoubleFlat" />
  <g c="EA64" x="20.0" y="0.0" w="114.0" h="370.0" h-a-x="154" n="figbassFlat" />
  <g c="EA65" x="20.0" y="-120.0" w="86.25" h="370.0" h-a-x="126" n="figbassNatural" />
  <g c="EA66" x="20.0" y="-100.0" w="226.0" h="420.0" h-a-x="266" n="figbassSharp" />
  <g c="EA67" x="20.0" y="0.0" w="181.0" h="200.0" h-a-x="221" n="figbassDoubleSharp" />
  <g c="ECC0" x="15.11" y="1.87" w="245.33" h="264.59" h-a-x="275" n="figbass7Diminished" />
  <g c="E240" x="0.0" y="-819.0" w="261.0" h="819.0" h-a-x="261" n="flag8thUp">
    <a n="graceNoteSlashNE" x="1.28" y="-0.8" />
    <a n="graceNoteSlashSW" x="-0.64" y="-2.46" />
    <a n="stemUpNW" x="0.0" y="-0.18" />
  </g>
  <g c="E241" x="0.0" y="0.0" w="261.0" h="819.0" h-a-x="261" n="flag8thDown">
    <a n="graceNoteSlashNW" x="-0.6" y="2.17" />
    <a n="graceNoteSlashSE" x="1.33" y="0.63" />
    <a n="stemDownSW" x="0.0" y="0.18" />
  </g>
  <g c="E242" x="0.0" y="-819.4" w="327.16" h="819.4" h-a-x="327" n="flag16thUp">
    <a n="stemUpNW" x="0.0" y="-0.47" />
  </g>
  <g c="E243" x="0.0" y="0.0" w="327.16" h="819.0" h-a-x="327" n="flag16thDown">
    <a n="stemDownSW" x="0.0" y="0.41" />
  </g>
  <g c="E244" x="-0.2" y="-849.47" w="268.29" h="998.55" h-a-x="268" n="flag32ndUp">
    <a n="stemUpNW" x="0.0" y="0.2" />
  </g>
  <g c="E245" x="-2.8" y="-169.08" w="270.9" h="998.55" h-a-x="268" n="flag32ndDown">
    <a n="stemDownSW" x="0.0" y="-0.17" />
  </g>
  <g c="E246" x="-4.0" y="-823.54" w="286.0" h="1170.54" h-a-x="282" n="flag64thUp">
    <a n="stemUpNW" x="-0.02" y="1.17" />
  </g>
  <g c="E247" x="-5.0" y="-375.0" w="286.0" h="1170.54" h-a-x="281" n="flag64thDown">
    <a n="stemDownSW" x="-0.01" y="-0.94" />
  </g>
  <g c="E248" x="0.0" y="-804.0" w="252.0" h="1334.0" h-a-x="252" n="flag128thUp">
    <a n="stemUpNW" x="0.0" y="1.76" />
  </g>
  <g c="E249" x="-0.89" y="-580.0" w="252.89" h="1334.0" h-a-x="600" n="flag128thDown">
    <a n="stemDownSW" x="0.0" y="-1.85" />
  </g>
  <g c="E24A" x="0.0" y="-827.04" w="272.0" h="1527.04" h-a-x="272" n="flag256thUp">
    <a n="stemUpNW" x="0.0" y="2.57" />
  </g>
  <g c="E24B" x="0.0" y="-750.0" w="272.0" h="1527.04" h-a-x="600" n="flag256thDown">
    <a n="stemDownSW" x="0.0" y="-2.58" />
  </g>
  <g c="E24C" x="-6.0" y="-843.05" w="290.0" h="1734.05" h-a-x="284" n="flag512thUp">
    <a n="stemUpNW" x="0.0" y="3.31" />
  </g>
  <g c="E24D" x="-6.0" y="-939.0" w="290.0" h="1734.05" h-a-x="594" n="flag512thDown">
    <a n="stemDownSW" x="0.0" y="-3.54" />
  </g>
  <g c="E24E" x="-6.0" y="-822.99" w="275.0" h="1902.99" h-a-x="269" n="flag1024thUp">
    <a n="stemUpNW" x="0.0" y="3.89" />
  </g>
  <g c="E24F" x="-6.0" y="-1200.0" w="275.0" h="1903.0" h-a-x="594" n="flag1024thDown">
    <a n="stemDownSW" x="0.0" y="-4.28" />
  </g>
  <g c="E270" x="-40.47" y="-239.0" w="240.47" h="828.0" h-a-x="200" n="accidentalQuarterToneFlatArrowUp">
    <a n="cutOutNE" x="0.62" y="1.66" />
    <a n="cutOutSE" x="0.51" y="0.16" />
  </g>
  <g c="E271" x="-49.35" y="-434.0" w="256.35" h="879.0" h-a-x="207" n="accidentalThreeQuarterTonesFlatArrowDown">
    <a n="cutOutNE" x="0.48" y="2.48" />
    <a n="cutOutSE" x="0.6" y="1.04" />
  </g>
  <g c="E272" x="-41.47" y="-471.0" w="256.97" h="1053.0" h-a-x="215" n="accidentalQuarterToneSharpNaturalArrowUp">
    <a n="cutOutNE" x="0.59" y="2.68" />
    <a n="cutOutSW" x="0.79" y="1.1" />
  </g>
  <g c="E273" x="0.0" y="-520.0" w="256.05" h="969.0" h-a-x="210" n="accidentalQuarterToneFlatNaturalArrowDown">
    <a n="cutOutNE" x="0.24" y="2.88" />
    <a n="cutOutSW" x="0.41" y="1.33" />
  </g>
  <g c="E274" x="-26.0" y="-363.0" w="412.0" h="868.0" h-a-x="376" n="accidentalThreeQuarterTonesSharpArrowUp">
    <a n="cutOutNE" x="1.16" y="2.46" />
    <a n="cutOutSE" x="1.18" y="0.76" />
    <a n="cutOutSW" x="0.54" y="0.52" />
  </g>
  <g c="E275" x="-21.0" y="-518.0" w="412.0" h="919.0" h-a-x="381" n="accidentalQuarterToneSharpArrowDown">
    <a n="cutOutNE" x="1.16" y="3.07" />
    <a n="cutOutNW" x="0.55" y="1.15" />
    <a n="cutOutSW" x="-1.02" y="-0.9" />
  </g>
  <g c="E4C0" x="-0.05" y="2.02" w="472.05" h="451.98" h-a-x="472" n="fermataAbove" />
  <g c="E4C1" x="-0.31" y="-430.0" w="518.88" h="429.08" h-a-x="519" n="fermataBelow" />
  <g c="E4C2" x="0.0" y="-31.0" w="711.0" h="527.0" h-a-x="711" n="fermataVeryShortAbove" />
  <g c="E4C3" x="0.0" y="-475.0" w="697.0" h="488.0" h-a-x="697" n="fermataVeryShortBelow" />
  <g c="E4C4" x="0.0" y="-18.09" w="545.0" h="366.09" h-a-x="545" n="fermataShortAbove" />
  <g c="E4C5" x="0.0" y="-335.0" w="565.0" h="345.0" h-a-x="565" n="fermataShortBelow" />
  <g c="E4C6" x="0.0" y="-6.0" w="591.49" h="343.1" h-a-x="591" n="fermataLongAbove" />
  <g c="E4C7" x="0.0" y="-335.0" w="602.0" h="342.0" h-a-x="602" n="fermataLongBelow" />
  <g c="E4C8" x="0.0" y="-14.1" w="715.0" h="451.1" h-a-x="715" n="fermataVeryLongAbove" />
  <g c="E4C9" x="-0.01" y="-427.0" w="686.46" h="457.0" h-a-x="686" n="fermataVeryLongBelow" />
  <g c="E4CE" x="0.0" y="0.0" w="148.0" h="275.0" h-a-x="148" n="breathMarkComma" />
  <g c="E4D1" x="0.0" y="-0.09" w="565.58" h="562.54" h-a-x="566" n="caesura" />
  <g c="E4D2" x="0.0" y="1.7" w="708.08" h="740.3" h-a-x="708" n="caesuraThick" />
  <g c="E4D3" x="-0.04" y="-20.0" w="209.04" h="633.0" h-a-x="209" n="caesuraShort" />
  <g c="E4D4" x="0.0" y="-10.0" w="386.0" h="594.0" h-a-x="386" n="caesuraCurved" />
  <g c="E1D0" x="-0.44" y="-223.03" w="614.63" h="446.03" h-a-x="614" n="noteDoubleWhole" />
  <g c="E1D1" x="0.0" y="-209.39" w="474.0" h="420.39" h-a-x="474" n="noteDoubleWholeSquare" />
  <g c="E1D2" x="0.0" y="-186.17" w="380.17" h="351.17" h-a-x="380" n="noteWhole" />
  <g c="E1D3" x="1.0" y="-140.0" w="325.0" h="991.0" h-a-x="326" n="noteHalfUp" />
  <g c="E1D5" x="0.0" y="-140.0" w="329.0" h="987.0" h-a-x="329" n="noteQuarterUp" />
  <g c="E1D7" x="0.0" y="-140.0" w="544.0" h="980.0" h-a-x="544" n="note8thUp" />
  <g c="E1D9" x="0.0" y="-140.0" w="586.0" h="995.0" h-a-x="586" n="note16thUp" />
  <g c="E1DB" x="0.0" y="-140.0" w="578.0" h="1175.0" h-a-x="578" n="note32ndUp" />
  <g c="E1DD" x="0.0" y="-140.0" w="559.0" h="1352.0" h-a-x="559" n="note64thUp" />
  <g c="E1DF" x="0.0" y="-140.0" w="562.0" h="1523.0" h-a-x="563" n="note128thUp" />
  <g c="E1E1" x="1.0" y="-140.0" w="565.0" h="1694.0" h-a-x="565" n="note256thUp" />
  <g c="E1E3" x="0.0" y="-140.0" w="566.0" h="1875.0" h-a-x="566" n="note512thUp" />
  <g c="E1E5" x="0.41" y="-140.0" w="547.59" h="2021.0" h-a-x="547" n="note1024thUp" />
  <g c="E1E7" x="0.0" y="-57.0" w="96.0" h="114.0" h-a-x="96" n="augmentationDot" />
  <g c="E650" x="0.0" y="-13.0" w="944.0" h="563.0" h-a-x="944" n="keyboardPedalPed" />
  <g c="E651" x="0.0" y="0.0" w="314.0" h="549.0" h-a-x="314" n="keyboardPedalP" />
  <g c="E655" x="0.0" y="0.0" w="436.6" h="461.0" h-a-x="437" n="keyboardPedalUp" />
  <g c="E659" x="0.0" y="0.0" w="1140.0" h="539.0" h-a-x="1140" n="keyboardPedalSost" />
  <g c="E65A" x="0.0" y="0.0" w="324.0" h="538.0" h-a-x="324" n="keyboardPedalS" />
  <g c="E550" x="-40.0" y="-154.2" w="443.0" h="148.6" h-a-x="363" n="lyricsElisionNarrow" />
  <g c="E551" x="-79.92" y="-144.52" w="641.92" h="144.52" h-a-x="482" n="lyricsElision" />
  <g c="E552" x="-79.99" y="-136.0" w="867.99" h="133.13" h-a-x="708" n="lyricsElisionWide" />
  <g c="E938" x="0.0" y="0.0" w="0.0" h="0.0" h-a-x="600" n="mensuralNoteheadSemibrevisBlack" />
  <g c="E939" x="0.0" y="0.0" w="0.0" h="0.0" h-a-x="600" n="mensuralNoteheadSemibrevisVoid" />
  <g c="E93C" x="-0.11" y="-249.0" w="484.11" h="498.0" h-a-x="484" n="mensuralNoteheadMinimaWhite" />
  <g c="E93D" x="0.0" y="0.0" w="0.0" h="0.0" h-a-x="600" n="mensuralNoteheadSemiminimaWhite" />
  <g c="E93E" x="0.0" y="0.0" w="0.0" h="0.0" h-a-x="600" n="mensuralCombStemUp" />
  <g c="E93F" x="0.0" y="0.0" w="0.0" h="0.0" h-a-x="600" n="mensuralCombStemDown" />
  <g c="E940" x="0.0" y="0.0" w="0.0" h="0.0" h-a-x="600" n="mensuralCombStemDiagonal" />
  <g c="E941" x="0.0" y="0.0" w="0.0" h="0.0" h-a-x="600" n="mensuralCombStemUpFlagRight" />
  <g c="E942" x="0.0" y="0.0" w="0.0" h="0.0" h-a-x="600" n="mensuralCombStemDownFlagRight" />
  <g c="E943" x="0.0" y="0.0" w="0.0" h="0.0" h-a-x="600" n="mensuralCombStemUpFlagLeft" />
  <g c="E944" x="0.0" y="0.0" w="0.0" h="0.0" h-a-x="600" n="mensuralCombStemDownFlagLeft" />
  <g c="E945" x="0.0" y="0.0" w="0.0" h="0.0" h-a-x="600" n="mensuralCombStemUpFlagFlared" />
  <g c="E946" x="0.0" y="0.0" w="0.0" h="0.0" h-a-x="600" n="mensuralCombStemDownFlagFlared" />
  <g c="E947" x="0.0" y="0.0" w="0.0" h="0.0" h-a-x="600" n="mensuralCombStemUpFlagExtended" />
  <g c="E948" x="0.0" y="0.0" w="0.0" h="0.0" h-a-x="600" n="mensuralCombStemDownFlagExtended" />
  <g c="E949" x="0.0" y="0.0" w="0.0" h="0.0" h-a-x="600" n="mensuralCombStemUpFlagSemiminima" />
  <g c="E94A" x="0.0" y="0.0" w="0.0" h="0.0" h-a-x="600" n="mensuralCombStemDownFlagSemiminima" />
  <g c="E94B" x="0.0" y="0.0" w="0.0" h="0.0" h-a-x="600" n="mensuralCombStemUpFlagFusa" />
  <g c="E94C" x="0.0" y="0.0" w="0.0" h="0.0" h-a-x="600" n="mensuralCombStemDownFlagFusa" />
  <g c="ECA0" x="-0.44" y="-223.03" w="614.63" h="446.03" h-a-x="614" n="metNoteDoubleWhole">
    <a n="noteheadOrigin" x="0.4" y="0.0" />
  </g>
  <g c="ECA1" x="0.0" y="-209.39" w="474.0" h="420.39" h-a-x="474" n="metNoteDoubleWholeSquare" />
  <g c="ECA2" x="0.0" y="-186.17" w="380.17" h="351.17" h-a-x="380" n="metNoteWhole" />
  <g c="ECA3" x="0.0" y="-147.0" w="311.0" h="699.0" h-a-x="311" n="metNoteHalfUp" />
  <g c="ECA5" x="0.0" y="-148.0" w="310.0" h="701.0" h-a-x="310" n="metNoteQuarterUp" />
  <g c="ECA7" x="-0.15" y="-144.86" w="482.26" h="723.61" h-a-x="482" n="metNote8thUp" />
  <g c="ECA9" x="0.0" y="-148.0" w="548.16" h="814.0" h-a-x="548" n="metNote16thUp" />
  <g c="ECAB" x="0.0" y="-140.0" w="578.0" h="1175.0" h-a-x="578" n="metNote32ndUp" />
  <g c="ECAD" x="0.0" y="-140.0" w="559.0" h="1352.0" h-a-x="559" n="metNote64thUp" />
  <g c="ECAF" x="0.0" y="-140.0" w="562.0" h="1523.0" h-a-x="562" n="metNote128thUp" />
  <g c="ECB1" x="0.0" y="-140.0" w="565.0" h="1694.0" h-a-x="565" n="metNote256thUp" />
  <g c="ECB3" x="0.0" y="-140.0" w="566.0" h="1875.0" h-a-x="566" n="metNote512thUp" />
  <g c="ECB5" x="0.41" y="-140.0" w="547.59" h="2021.0" h-a-x="548" n="metNote1024thUp" />
  <g c="ECB7" x="0.0" y="-57.0" w="96.0" h="114.0" h-a-x="96" n="metAugmentationDot" />
  <g c="EAA4" x="-56.16" y="109.85" w="424.29" h="176.18" h-a-x="340" n="wiggleTrill">
    <a n="repeatOffset" x="1.36" y="0.0" />
  </g>
  <g c="EAA9" x="-22.0" y="0.0" w="322.0" h="176.0" h-a-x="259" n="wiggleArpeggiatoUp">
    <a n="repeatOffset" x="1.04" y="0.0" />
  </g>
  <g c="EAAA" x="-41.0" y="0.0" w="322.0" h="176.0" h-a-x="259" n="wiggleArpeggiatoDown">
    <a n="repeatOffset" x="2.23" y="0.0" />
  </g>
  <g c="EAAD" x="-22.0" y="-15.17" w="526.0" h="210.17" h-a-x="504" n="wiggleArpeggiatoUpArrow">
    <a n="repeatOffset" x="2.02" y="0.0" />
  </g>
  <g c="EAAE" x="0.0" y="-9.0" w="526.0" h="210.0" h-a-x="496" n="wiggleArpeggiatoDownArrow">
    <a n="repeatOffset" x="2.06" y="0.0" />
  </g>
  <g c="EAAF" x="-27.0" y="0.0" w="390.0" h="176.0" h-a-x="313" n="wiggleGlissando">
    <a n="repeatOffset" x="1.25" y="0.0" />
  </g>
  <g c="F400" x="0.0" y="0.0" w="120.0" h="998.54" h-a-x="120" n="braceSmall" />
  <g c="F401" x="0.0" y="0.0" w="78.0" h="998.54" h-a-x="78" n="braceLarge" />
  <g c="F402" x="0.0" y="0.0" w="63.0" h="998.54" h-a-x="63" n="braceLarger" />
  <g c="F403" x="0.0" y="0.0" w="46.0" h="998.54" h-a-x="46" n="braceFlat" />
  <g c="F40F" x="0.0" y="-318.0" w="249.0" h="318.0" h-a-x="249" n="flag8thUpStraight" />
  <g c="F410" x="0.0" y="-524.0" w="278.0" h="524.0" h-a-x="279" n="flag8thUpShort" />
  <g c="F411" x="0.0" y="0.0" w="246.0" h="318.0" h-a-x="246" n="flag8thDownStraight" />
  <g c="F412" x="0.0" y="-501.0" w="249.44" h="501.0" h-a-x="249" n="flag16thUpStraight" />
  <g c="F413" x="-0.75" y="-614.0" w="242.75" h="614.0" h-a-x="242" n="flag16thUpShort">
    <a n="stemUpNW" x="0.0" y="-0.54" />
  </g>
  <g c="F414" x="0.0" y="0.0" w="248.0" h="502.92" h-a-x="248" n="flag16thDownStraight" />
  <g c="F415" x="-2.0" y="-493.0" w="243.62" h="687.26" h-a-x="252" n="flag32ndUpStraight" />
  <g c="F416" x="0.0" y="-607.0" w="261.0" h="807.0" h-a-x="261" n="flag32ndUpShort">
    <a n="stemUpNW" x="0.0" y="0.39" />
  </g>
  <g c="F417" x="0.0" y="-195.0" w="251.58" h="708.19" h-a-x="252" n="flag32ndDownStraight" />
  <g c="F418" x="-0.11" y="-488.0" w="250.12" h="885.37" h-a-x="251" n="flag64thUpStraight" />
  <g c="F419" x="-7.0" y="-651.0" w="253.0" h="1014.0" h-a-x="244" n="flag64thUpShort">
    <a n="stemUpNW" x="0.0" y="0.85" />
  </g>
  <g c="F41A" x="0.44" y="-403.0" w="252.56" h="892.92" h-a-x="253" n="flag64thDownStraight" />
  <g c="F41B" x="-1.0" y="-490.0" w="255.0" h="1063.0" h-a-x="255" n="flag128thUpStraight" />
  <g c="F41C" x="0.0" y="-583.0" w="240.0" h="1162.0" h-a-x="240" n="flag128thUpShort">
    <a n="stemUpNW" x="0.0" y="1.83" />
  </g>
  <g c="F41D" x="0.0" y="-570.0" w="253.0" h="1083.0" h-a-x="253" n="flag128thDownStraight" />
  <g c="F41E" x="-5.0" y="-508.0" w="256.0" h="1265.0" h-a-x="256" n="flag256thUpStraight" />
  <g c="F41F" x="-11.0" y="-555.0" w="263.0" h="1339.0" h-a-x="253" n="flag256thUpShort">
    <a n="stemUpNW" x="0.0" y="2.65" />
  </g>
  <g c="F420" x="0.0" y="-770.29" w="258.0" h="1287.29" h-a-x="258" n="flag256thDownStraight" />
  <g c="F421" x="0.0" y="-515.0" w="260.0" h="1451.0" h-a-x="260" n="flag512thUpStraight" />
  <g c="F422" x="0.0" y="-560.0" w="269.0" h="1494.0" h-a-x="269" n="flag512thUpShort">
    <a n="stemUpNW" x="0.0" y="3.27" />
  </g>
  <g c="F423" x="0.0" y="-964.0" w="245.0" h="1474.19" h-a-x="245" n="flag512thDownStraight" />
  <g c="F424" x="0.0" y="-498.0" w="259.0" h="1641.0" h-a-x="259" n="flag1024thUpStraight" />
  <g c="F425" x="0.0" y="-600.0" w="249.0" h="1665.0" h-a-x="249" n="flag1024thUpShort">
    <a n="stemUpNW" x="0.02" y="3.87" />
  </g>
  <g c="F426" x="-5.0" y="-1136.0" w="258.0" h="1659.92" h-a-x="258" n="flag1024thDownStraight" />
  <g c="F440" x="4.65" y="-254.0" w="122.35" h="508.0" h-a-x="132" n="timeSig0Large" />
  <g c="F441" x="5.0" y="-236.0" w="82.56" h="472.0" h-a-x="93" n="timeSig1Large" />
  <g c="F442" x="5.0" y="-245.64" w="114.0" h="494.64" h-a-x="124" n="timeSig2Large" />
  <g c="F443" x="5.0" y="-254.0" w="116.0" h="508.0" h-a-x="126" n="timeSig3Large" />
  <g c="F444" x="5.0" y="-242.0" w="134.12" h="484.0" h-a-x="144" n="timeSig4Large" />
  <g c="F445" x="5.0" y="-256.0" w="117.0" h="512.0" h-a-x="127" n="timeSig5Large" />
  <g c="F446" x="5.0" y="-240.05" w="118.0" h="481.05" h-a-x="128" n="timeSig6Large" />
  <g c="F447" x="5.0" y="-244.0" w="125.0" h="488.0" h-a-x="135" n="timeSig7Large" />
  <g c="F448" x="5.0" y="-246.0" w="112.0" h="492.0" h-a-x="122" n="timeSig8Large" />
  <g c="F449" x="5.0" y="-248.0" w="120.48" h="494.15" h-a-x="130" n="timeSig9Large" />
  <g c="F44A" x="5.0" y="-258.0" w="126.0" h="516.0" h-a-x="136" n="timeSigCommonLarge" />
  <g c="F44B" x="5.0" y="-326.03" w="147.0" h="653.03" h-a-x="157" n="timeSigCutCommonLarge" />
  <g c="F44C" x="0.0" y="-158.0" w="100.0" h="315.0" h-a-x="100" n="timeSigPlusLarge" />
  <g c="F472" x="0.0" y="-559.0" w="664.0" h="1568.0" h-a-x="664" n="gClefSmall" />
  <g c="F473" x="0.0" y="-543.0" w="731.0" h="1086.0" h-a-x="731" n="cClefSmall" />
  <g c="F474" x="0.0" y="-496.0" w="776.0" h="712.0" h-a-x="776" n="fClefSmall" />
  <g c="F48B" x="0.0" y="-738.15" w="253.0" h="768.15" h-a-x="253" n="flag8thUpSmall">
    <a n="stemUpNW" x="0.0" y="-0.45" />
  </g>
  <g c="F48C" x="-4.23" y="-10.0" w="239.23" h="764.0" h-a-x="235" n="flag8thDownSmall">
    <a n="stemDownSW" x="-0.02" y="0.18" />
  </g>
  <g c="F48D" x="0.0" y="-703.0" w="281.12" h="743.0" h-a-x="281" n="flag16thUpSmall">
    <a n="stemUpNW" x="0.0" y="-0.54" />
  </g>
  <g c="F48E" x="-1.0" y="-197.06" w="298.0" h="795.06" h-a-x="298" n="flag16thDownSmall">
    <a n="stemDownSW" x="0.0" y="-0.28" />
  </g>
  <g c="F48F" x="0.0" y="-882.0" w="273.0" h="1042.0" h-a-x="272" n="flag32ndUpSmall">
    <a n="stemUpNW" x="0.0" y="0.39" />
  </g>
  <g c="F490" x="0.0" y="-453.0" w="307.0" h="978.0" h-a-x="307" n="flag32ndDownSmall">
    <a n="stemDownSW" x="0.0" y="-1.49" />
  </g>
  <g c="F491" x="-0.06" y="-859.0" w="262.06" h="1189.0" h-a-x="263" n="flag64thUpSmall">
    <a n="stemUpNW" x="0.0" y="0.87" />
  </g>
  <g c="F492" x="0.0" y="-452.13" w="290.0" h="1202.13" h-a-x="289" n="flag64thDownSmall">
    <a n="stemDownSW" x="0.0" y="-1.37" />
  </g>
  <g c="F493" x="0.0" y="-784.0" w="271.0" h="1391.0" h-a-x="271" n="flag128thUpSmall">
    <a n="stemUpNW" x="0.0" y="1.94" />
  </g>
  <g c="F494" x="0.0" y="-615.54" w="297.0" h="1406.54" h-a-x="297" n="flag128thDownSmall">
    <a n="stemDownSW" x="0.0" y="-2.02" />
  </g>
  <g c="F495" x="-5.0" y="-780.0" w="275.0" h="1527.0" h-a-x="270" n="flag256thUpSmall">
    <a n="stemUpNW" x="0.0" y="2.54" />
  </g>
  <g c="F496" x="0.0" y="-793.0" w="304.0" h="1551.0" h-a-x="305" n="flag256thDownSmall">
    <a n="stemDownSW" x="-0.0" y="-2.73" />
  </g>
  <g c="F497" x="0.0" y="-797.0" w="278.0" h="1715.0" h-a-x="278" n="flag512thUpSmall">
    <a n="stemUpNW" x="0.0" y="3.2" />
  </g>
  <g c="F498" x="-1.0" y="-993.0" w="297.0" h="1765.0" h-a-x="296" n="flag512thDownSmall">
    <a n="stemDownSW" x="0.02" y="-3.42" />
  </g>
  <g c="F499" x="-6.0" y="-719.0" w="267.0" h="1869.0" h-a-x="261" n="flag1024thUpSmall">
    <a n="stemUpNW" x="0.0" y="4.17" />
  </g>
  <g c="F49A" x="0.0" y="-1154.0" w="311.0" h="1917.0" h-a-x="310" n="flag1024thDownSmall">
    <a n="stemDownSW" x="0.01" y="-4.1" />
  </g>
  <g c="F4BA" x="-0.44" y="-223.03" w="614.63" h="446.03" h-a-x="614" n="noteheadDoubleWholeOversized" />
  <g c="F4BB" x="0.0" y="-209.39" w="474.0" h="420.39" h-a-x="474" n="noteheadDoubleWholeSquareOversized" />
  <g c="F4BC" x="0.0" y="-186.17" w="380.17" h="351.17" h-a-x="380" n="noteheadWholeOversized" />
  <g c="F4BD" x="0.0" y="-174.0" w="334.0" h="349.0" h-a-x="334" n="noteheadHalfOversized" />
  <g c="F4BE" x="0.0" y="-164.0" w="334.05" h="328.0" h-a-x="334" n="noteheadBlackOversized" />
  <g c="F4CC" x="10.0" y="3.0" w="272.0" h="449.0" h-a-x="292" n="tuplet0Light" />
  <g c="F4CD" x="10.0" y="-40.0" w="210.51" h="534.0" h-a-x="231" n="tuplet1Light" />
  <g c="F4CE" x="11.0" y="-20.0" w="350.0" h="484.0" h-a-x="371" n="tuplet2Light" />
  <g c="F4CF" x="10.0" y="-20.0" w="326.0" h="489.0" h-a-x="346" n="tuplet3Light" />
  <g c="F4D0" x="10.0" y="-50.0" w="329.0" h="556.19" h-a-x="349" n="tuplet4Light" />
  <g c="F4D1" x="10.0" y="-10.0" w="350.98" h="523.0" h-a-x="371" n="tuplet5Light" />
  <g c="F4D2" x="10.0" y="-10.0" w="281.0" h="514.0" h-a-x="301" n="tuplet6Light" />
  <g c="F4D3" x="10.0" y="-24.0" w="310.0" h="515.0" h-a-x="330" n="tuplet7Light" />
  <g c="F4D4" x="10.0" y="-40.0" w="267.43" h="594.0" h-a-x="287" n="tuplet8Light" />
  <g c="F4D5" x="10.0" y="0.0" w="302.0" h="664.0" h-a-x="322" n="tuplet9Light" />
  <g c="F4D6" x="10.0" y="80.0" w="125.0" h="314.0" h-a-x="145" n="tupletColonLight" />
  <g c="F4E4" x="0.0" y="-209.0" w="530.0" h="418.0" h-a-x="530" n="noteheadSlashHorizontalEndsOversized" />
  <g c="F4EE" x="0.0" y="-159.0" w="131.28" h="318.0" h-a-x="131" n="timeSigPlusSmallLarge" />
  <g c="F4EF" x="0.0" y="-267.0" w="79.32" h="532.22" h-a-x="79" n="timeSigFractionalSlashLarge" />
  <g c="F4F0" x="-1.0" y="-86.0" w="122.11" h="171.03" h-a-x="122" n="timeSigEqualsLarge" />
  <g c="F4F1" x="0.0" y="-24.0" w="115.12" h="48.0" h-a-x="115" n="timeSigMinusLarge" />
  <g c="F4F2" x="0.0" y="-121.0" w="92.0" h="242.0" h-a-x="93" n="timeSigMultiplyLarge" />
  <g c="F4F3" x="0.0" y="-323.0" w="54.33" h="643.8" h-a-x="44" n="timeSigParensLeftSmallLarge" />
  <g c="F4F4" x="-10.0" y="-322.0" w="54.0" h="644.0" h-a-x="44" n="timeSigParensRightSmallLarge" />
  <g c="F4F5" x="0.0" y="-482.05" w="54.83" h="964.05" h-a-x="55" n="timeSigParensLeftLarge" />
  <g c="F4F6" x="0.0" y="-483.0" w="53.0" h="966.0" h-a-x="53" n="timeSigParensRightLarge" />
  <g c="F4FF" x="0.0" y="-489.0" w="73.0" h="978.0" h-a-x="73" n="timeSigBracketLeftLarge" />
  <g c="F500" x="0.0" y="-487.09" w="63.0" h="972.41" h-a-x="63" n="timeSigBracketRightLarge" />
  <g c="F501" x="0.0" y="-324.0" w="58.3" h="648.0" h-a-x="59" n="timeSigBracketLeftSmallLarge" />
  <g c="F502" x="0.0" y="-322.0" w="55.02" h="644.0" h-a-x="55" n="timeSigBracketRightSmallLarge" />
  <g c="F503" x="-0.11" y="-492.0" w="99.11" h="985.0" h-a-x="99" n="timeSigSlashLarge" />
  <g c="F504" x="0.0" y="-333.0" w="123.0" h="666.0" h-a-x="122" n="timeSigCut2Large" />
  <g c="F506" x="0.0" y="-271.0" w="210.0" h="542.0" h-a-x="210" n="timeSig0Narrow" />
  <g c="F507" x="0.0" y="-254.0" w="150.54" h="508.0" h-a-x="150" n="timeSig1Narrow" />
  <g c="F508" x="0.0" y="-249.0" w="204.0" h="498.0" h-a-x="204" n="timeSig2Narrow" />
  <g c="F509" x="0.0" y="-225.11" w="212.0" h="451.11" h-a-x="212" n="timeSig3Narrow" />
  <g c="F50A" x="0.0" y="-261.0" w="251.0" h="519.5" h-a-x="251" n="timeSig4Narrow" />
  <g c="F50B" x="0.0" y="-248.0" w="194.0" h="496.0" h-a-x="194" n="timeSig5Narrow" />
  <g c="F50C" x="0.0" y="-261.2" w="211.0" h="525.2" h-a-x="211" n="timeSig6Narrow" />
  <g c="F50D" x="0.0" y="-238.0" w="238.0" h="477.0" h-a-x="238" n="timeSig7Narrow" />
  <g c="F50E" x="0.0" y="-271.05" w="223.0" h="543.05" h-a-x="223" n="timeSig8Narrow" />
  <g c="F50F" x="0.0" y="-264.0" w="194.0" h="528.0" h-a-x="194" n="timeSig9Narrow" />
  <g c="F510" x="0.0" y="-242.0" w="238.0" h="484.0" h-a-x="238" n="timeSigCommonNarrow" />
  <g c="F511" x="1.0" y="-395.0" w="248.0" h="790.0" h-a-x="249" n="timeSigCutCommonNarrow" />
  <g c="F512" x="0.0" y="-258.0" w="302.0" h="516.0" h-a-x="302" n="timeSigPlusNarrow" />
  <g c="F514" x="0.0" y="-215.0" w="237.0" h="429.01" h-a-x="237" n="timeSigFractionalSlashNarrow" />
  <g c="F515" x="0.0" y="-143.1" w="268.0" h="287.1" h-a-x="268" n="timeSigEqualsNarrow" />
  <g c="F516" x="0.0" y="-57.0" w="257.0" h="111.69" h-a-x="258" n="timeSigMinusNarrow" />
  <g c="F517" x="0.0" y="-221.09" w="237.0" h="443.09" h-a-x="237" n="timeSigMultiplyNarrow" />
  <g c="F518" x="0.0" y="-272.0" w="102.27" h="544.0" h-a-x="102" n="timeSigParensLeftSmallNarrow" />
  <g c="F519" x="1.0" y="-276.0" w="95.0" h="552.0" h-a-x="95" n="timeSigParensRightSmallNarrow" />
  <g c="F51A" x="0.0" y="-493.0" w="171.0" h="983.54" h-a-x="171" n="timeSigParensLeftNarrow" />
  <g c="F51B" x="0.0" y="-508.0" w="165.0" h="1017.0" h-a-x="165" n="timeSigParensRightNarrow" />
  <g c="F524" x="0.0" y="-631.0" w="123.44" h="1258.0" h-a-x="124" n="timeSigBracketLeftNarrow" />
  <g c="F525" x="0.0" y="-626.0" w="135.05" h="1251.29" h-a-x="135" n="timeSigBracketRightNarrow" />
  <g c="F526" x="0.0" y="-386.34" w="124.0" h="774.34" h-a-x="124" n="timeSigBracketLeftSmallNarrow" />
  <g c="F527" x="0.0" y="-389.15" w="131.0" h="776.76" h-a-x="131" n="timeSigBracketRightSmallNarrow" />
  <g c="F528" x="0.0" y="-523.0" w="309.0" h="1047.0" h-a-x="309" n="timeSigSlashNarrow" />
  <g c="F529" x="0.0" y="-407.0" w="326.0" h="811.07" h-a-x="326" n="timeSigCut2Narrow" />
  <g c="F52A" x="0.0" y="-407.0" w="230.0" h="811.07" h-a-x="230" n="timeSigCut3Narrow" />
  <g c="E0A0" x="-0.44" y="-223.03" w="614.63" h="446.03" h-a-x="614" n="noteheadDoubleWhole">
    <a n="noteheadOrigin" x="0.52" y="0.0" />
  </g>
  <g c="E0A1" x="0.0" y="-209.39" w="474.0" h="420.39" h-a-x="474" n="noteheadDoubleWholeSquare">
    <a n="noteheadOrigin" x="0.02" y="-0.03" />
  </g>
  <g c="E0A2" x="0.0" y="-186.17" w="380.17" h="351.17" h-a-x="380" n="noteheadWhole">
    <a n="cutOutNW" x="0.0" y="0.39" />
    <a n="cutOutSE" x="1.52" y="0.86" />
  </g>
  <g c="E0A3" x="0.0" y="-174.0" w="334.0" h="349.0" h-a-x="334" n="noteheadHalf">
    <a n="cutOutNW" x="0.2" y="0.49" />
    <a n="cutOutSE" x="1.12" y="0.73" />
    <a n="splitStemDownNE" x="0.96" y="-0.3" />
    <a n="splitStemDownNW" x="0.13" y="-0.43" />
    <a n="splitStemUpSE" x="1.11" y="0.37" />
    <a n="splitStemUpSW" x="0.33" y="0.38" />
    <a n="stemDownNW" x="0.0" y="-0.25" />
    <a n="stemUpSE" x="1.31" y="0.28" />
  </g>
  <g c="E0A4" x="0.0" y="-164.0" w="334.05" h="328.0" h-a-x="334" n="noteheadBlack">
    <a n="cutOutNW" x="0.34" y="0.5" />
    <a n="cutOutSE" x="1.12" y="0.82" />
    <a n="splitStemDownNE" x="0.99" y="-0.3" />
    <a n="splitStemDownNW" x="0.12" y="-0.49" />
    <a n="splitStemUpSE" x="1.12" y="0.47" />
    <a n="splitStemUpSW" x="0.36" y="0.36" />
    <a n="stemDownNW" x="0.0" y="-0.24" />
    <a n="stemUpSE" x="1.34" y="0.29" />
  </g>
  <g c="E0A5" x="0.0" y="0.0" w="0.0" h="0.0" h-a-x="600" n="noteheadNull" />
  <g c="E0A9" x="0.0" y="-156.0" w="289.0" h="313.0" h-a-x="289" n="noteheadXBlack">
    <a n="stemDownNW" x="0.0" y="-0.6" />
    <a n="stemUpSE" x="1.12" y="0.56" />
  </g>
  <g c="E0AF" x="1.0" y="-161.0" w="332.35" h="321.0" h-a-x="333" n="noteheadPlusBlack">
    <a n="stemDownNW" x="0.0" y="0.01" />
    <a n="stemUpSE" x="1.33" y="-0.06" />
  </g>
  <g c="E0B5" x="0.0" y="-157.0" w="476.0" h="314.0" h-a-x="476" n="noteheadWholeWithX" />
  <g c="E0B6" x="0.0" y="-148.67" w="520.0" h="300.67" h-a-x="520" n="noteheadHalfWithX">
    <a n="stemDownNW" x="0.0" y="-0.02" />
    <a n="stemUpSE" x="2.08" y="0.12" />
  </g>
  <g c="E0B7" x="0.0" y="-142.0" w="359.0" h="284.0" h-a-x="359" n="noteheadVoidWithX">
    <a n="stemDownNW" x="0.0" y="-0.04" />
    <a n="stemUpSE" x="1.44" y="0.09" />
  </g>
  <g c="E0D9" x="0.0" y="-148.0" w="295.0" h="296.0" h-a-x="294" n="noteheadDiamondHalf">
    <a n="stemDownNW" x="0.0" y="-0.0" />
    <a n="stemUpSE" x="1.18" y="-0.08" />
  </g>
  <g c="E0DA" x="0.0" y="-147.0" w="499.0" h="294.0" h-a-x="499" n="noteheadDiamondHalfWide">
    <a n="stemDownNW" x="0.0" y="0.01" />
    <a n="stemUpSE" x="2.0" y="-0.02" />
  </g>
  <g c="E0DB" x="0.0" y="-146.0" w="310.0" h="292.0" h-a-x="309" n="noteheadDiamondBlack">
    <a n="stemDownNW" x="0.01" y="0.0" />
    <a n="stemUpSE" x="1.24" y="-0.06" />
  </g>
  <g c="E0DC" x="0.0" y="-132.46" w="647.0" h="266.46" h-a-x="647" n="noteheadDiamondBlackWide">
    <a n="stemDownNW" x="0.0" y="0.02" />
    <a n="stemUpSE" x="2.58" y="0.01" />
  </g>
  <g c="E0DD" x="0.0" y="-129.0" w="262.0" h="257.1" h-a-x="262" n="noteheadDiamondWhite">
    <a n="stemDownNW" x="0.0" y="0.04" />
    <a n="stemUpSE" x="1.05" y="-0.06" />
  </g>
  <g c="E0DE" x="0.0" y="-142.46" w="585.0" h="286.46" h-a-x="585" n="noteheadDiamondWhiteWide">
    <a n="stemDownNW" x="0.01" y="0.02" />
    <a n="stemUpSE" x="2.34" y="-0.01" />
  </g>
  <g c="E0F5" x="0.0" y="-197.0" w="106.0" h="394.0" h-a-x="76" n="noteheadParenthesisLeft" />
  <g c="E0F6" x="-30.0" y="-199.08" w="112.0" h="405.08" h-a-x="81" n="noteheadParenthesisRight" />
  <g c="E0FA" x="0.0" y="-130.0" w="489.0" h="260.0" h-a-x="490" n="noteheadWholeFilled" />
  <g c="E0FB" x="-1.0" y="-130.0" w="322.0" h="261.0" h-a-x="322" n="noteheadHalfFilled" />
  <g c="E510" x="10.0" y="0.0" w="212.04" h="422.0" h-a-x="222" n="ottava" />
  <g c="E511" x="10.0" y="0.0" w="625.0" h="426.0" h-a-x="635" n="ottavaAlta" />
  <g c="E512" x="10.0" y="-37.81" w="616.0" h="459.81" h-a-x="610" n="ottavaBassa" />
  <g c="E513" x="10.0" y="-10.0" w="612.11" h="444.2" h-a-x="622" n="ottavaBassaBa" />
  <g c="E514" x="0.0" y="0.0" w="317.0" h="478.55" h-a-x="317" n="quindicesima" />
  <g c="E515" x="0.0" y="-1.0" w="784.09" h="486.77" h-a-x="784" n="quindicesimaAlta" />
  <g c="E516" x="0.0" y="-20.0" w="784.09" h="499.55" h-a-x="784" n="quindicesimaBassa" />
  <g c="E517" x="10.0" y="-5.0" w="426.0" h="527.0" h-a-x="446" n="ventiduesima" />
  <g c="E518" x="10.0" y="-5.0" w="901.09" h="527.0" h-a-x="921" n="ventiduesimaAlta" />
  <g c="E519" x="10.0" y="-30.39" w="901.09" h="552.39" h-a-x="921" n="ventiduesimaBassa" />
  <g c="E51A" x="-0.13" y="-20.0" w="147.13" h="520.0" h-a-x="122" n="octaveParensLeft" />
  <g c="E51B" x="-26.0" y="-20.0" w="156.0" h="543.0" h-a-x="130" n="octaveParensRight" />
  <g c="E51C" x="0.0" y="0.0" w="613.0" h="422.0" h-a-x="600" n="ottavaBassaVb" />
  <g c="E51D" x="0.0" y="-30.0" w="791.0" h="499.55" h-a-x="791" n="quindicesimaBassaMb" />
  <g c="E51E" x="0.0" y="-17.0" w="856.0" h="537.0" h-a-x="856" n="ventiduesimaBassaMb" />
  <g c="E583" x="0.0" y="93.0" w="35.0" h="314.0" h-a-x="36" n="ornamentVerticalLine" />
  <g c="E587" x="-0.23" y="-50.0" w="1056.23" h="704.0" h-a-x="1056" n="ornamentSchleifer" />
  <g c="E460" x="0.0" y="-462.46" w="303.0" h="642.46" h-a-x="303" n="accidentalKoron">
    <a n="cutOutSE" x="0.24" y="1.27" />
  </g>
  <g c="E461" x="0.0" y="-295.0" w="434.0" h="620.0" h-a-x="434" n="accidentalSori">
    <a n="cutOutNE" x="1.16" y="1.5" />
    <a n="cutOutNW" x="0.38" y="2.0" />
    <a n="cutOutSE" x="1.16" y="0.86" />
    <a n="cutOutSW" x="0.38" y="0.44" />
  </g>
  <g c="E630" x="0.0" y="0.0" w="211.0" h="307.0" h-a-x="211" n="pluckedSnapPizzicatoBelow" />
  <g c="E631" x="0.0" y="0.0" w="201.0" h="325.0" h-a-x="201" n="pluckedSnapPizzicatoAbove" />
  <g c="E632" x="0.0" y="-0.05" w="311.0" h="187.05" h-a-x="311" n="pluckedBuzzPizzicato" />
  <g c="E633" x="0.0" y="0.0" w="271.0" h="284.0" h-a-x="271" n="pluckedLeftHandPizzicato" />
  <g c="E636" x="0.0" y="0.0" w="411.25" h="270.0" h-a-x="411" n="pluckedWithFingernails" />
  <g c="E637" x="0.0" y="0.0" w="312.0" h="480.0" h-a-x="312" n="pluckedFingernailFlick" />
  <g c="E638" x="0.07" y="0.0" w="363.93" h="316.0" h-a-x="364" n="pluckedDamp" />
  <g c="E639" x="0.0" y="0.0" w="360.04" h="394.0" h-a-x="360" n="pluckedDampAll" />
  <g c="E5B0" x="0.0" y="-12.0" w="1042.0" h="363.0" h-a-x="1042" n="ornamentPrecompSlide" />
  <g c="E5B1" x="0.0" y="-70.0" w="1066.08" h="342.0" h-a-x="1066" n="ornamentPrecompDescendingSlide" />
  <g c="E5B2" x="-0.11" y="-50.0" w="1066.11" h="583.17" h-a-x="1066" n="ornamentPrecompAppoggTrill" />
  <g c="E5B3" x="0.0" y="-20.0" w="833.0" h="628.0" h-a-x="833" n="ornamentPrecompAppoggTrillSuffix" />
  <g c="E5B4" x="0.0" y="-60.0" w="1565.46" h="578.81" h-a-x="1565" n="ornamentPrecompTurnTrillDAnglebert" />
  <g c="E5B5" x="0.0" y="-380.0" w="1088.0" h="632.0" h-a-x="1088" n="ornamentPrecompSlideTrillDAnglebert" />
  <g c="E5B6" x="0.0" y="-364.0" w="1101.07" h="757.0" h-a-x="1101" n="ornamentPrecompSlideTrillMarpurg" />
  <g c="E5B7" x="0.0" y="-169.0" w="1387.0" h="611.0" h-a-x="1386" n="ornamentPrecompTurnTrillBach" />
  <g c="E5B8" x="0.0" y="-380.0" w="1185.0" h="845.0" h-a-x="1185" n="ornamentPrecompSlideTrillBach" />
  <g c="E5B9" x="0.0" y="-200.0" w="1425.0" h="692.0" h-a-x="1425" n="ornamentPrecompSlideTrillMuffat" />
  <g c="E5BA" x="0.0" y="-202.0" w="1109.0" h="704.0" h-a-x="1109" n="ornamentPrecompSlideTrillSuffixMuffat" />
  <g c="E5BB" x="0.0" y="-20.0" w="1003.0" h="541.0" h-a-x="1003" n="ornamentPrecompTrillSuffixDandrieu" />
  <g c="E5BC" x="-0.14" y="-290.0" w="1422.14" h="774.0" h-a-x="1423" n="ornamentPrecompPortDeVoixMordent" />
  <g c="E5BD" x="0.0" y="-160.0" w="945.78" h="637.0" h-a-x="946" n="ornamentPrecompTrillWithMordent" />
  <g c="E5BE" x="0.0" y="-3.0" w="1067.0" h="394.0" h-a-x="1067" n="ornamentPrecompCadence" />
  <g c="E5BF" x="0.0" y="-174.0" w="1167.0" h="569.0" h-a-x="1167" n="ornamentPrecompCadenceWithTurn" />
  <g c="E5C0" x="0.0" y="-10.0" w="1322.0" h="359.0" h-a-x="1322" n="ornamentPrecompDoubleCadenceLowerPrefix" />
  <g c="E5C1" x="-0.63" y="-20.0" w="931.63" h="304.0" h-a-x="932" n="ornamentPrecompCadenceUpperPrefix" />
  <g c="E5C2" x="0.0" y="-190.0" w="1082.0" h="670.0" h-a-x="1082" n="ornamentPrecompCadenceUpperPrefixTurn" />
  <g c="E5C3" x="0.0" y="-30.0" w="1246.0" h="326.03" h-a-x="1246" n="ornamentPrecompDoubleCadenceUpperPrefix" />
  <g c="E5C4" x="0.0" y="-237.0" w="1226.0" h="673.0" h-a-x="1226" n="ornamentPrecompDoubleCadenceUpperPrefixTurn" />
  <g c="E5C5" x="0.0" y="0.0" w="736.0" h="559.0" h-a-x="736" n="ornamentPrecompMordentRelease" />
  <g c="E5C6" x="-0.09" y="-30.0" w="1151.09" h="463.61" h-a-x="1151" n="ornamentPrecompMordentUpperPrefix" />
  <g c="E5C7" x="0.0" y="-150.0" w="1151.0" h="622.06" h-a-x="1151" n="ornamentPrecompInvertedMordentUpperPrefix" />
  <g c="E5C8" x="0.0" y="-309.0" w="833.0" h="628.0" h-a-x="833" n="ornamentPrecompTrillLowerSuffix" />
  <g c="E043" x="0.0" y="291.0" w="144.0" h="401.0" h-a-x="144" n="repeatDots" />
  <g c="E044" x="0.0" y="-83.0" w="143.0" h="159.0" h-a-x="143" n="repeatDot" />
  <g c="E045" x="20.0" y="-12.0" w="1057.19" h="453.0" h-a-x="1077" n="dalSegno" />
  <g c="E046" x="20.0" y="-32.0" w="1146.02" h="444.0" h-a-x="1166" n="daCapo" />
  <g c="E047" x="0.0" y="-65.0" w="798.0" h="871.0" h-a-x="798" n="segno" />
  <g c="E048" x="0.0" y="-196.0" w="1380.0" h="1233.0" h-a-x="1380" n="coda" />
  <g c="E049" x="0.0" y="-250.0" w="971.0" h="1213.0" h-a-x="971" n="codaSquare" />
  <g c="E04A" x="0.0" y="-30.0" w="408.0" h="1031.0" h-a-x="408" n="segnoSerpent1" />
  <g c="E04B" x="0.0" y="-35.0" w="408.0" h="1031.0" h-a-x="408" n="segnoSerpent2" />
  <g c="E4E0" x="0.0" y="-255.0" w="366.0" h="510.0" h-a-x="366" n="restMaxima" />
  <g c="E4E1" x="0.0" y="-249.24" w="139.06" h="496.83" h-a-x="139" n="restLonga" />
  <g c="E4E2" x="0.0" y="0.0" w="122.0" h="249.0" h-a-x="122" n="restDoubleWhole" />
  <g c="E4E3" x="0.89" y="-120.0" w="499.11" h="134.0" h-a-x="600" n="restWhole" />
  <g c="E4E4" x="0.0" y="0.0" w="518.4" h="162.0" h-a-x="518" n="restHalf" />
  <g c="E4E5" x="-0.38" y="-415.0" w="263.38" h="830.0" h-a-x="263" n="restQuarter" />
  <g c="E4E6" x="0.0" y="-260.0" w="289.0" h="521.0" h-a-x="289" n="rest8th" />
  <g c="E4E7" x="0.0" y="-328.28" w="333.0" h="572.28" h-a-x="333" n="rest16th" />
  <g c="E4E8" x="0.0" y="-497.5" w="347.0" h="980.5" h-a-x="347" n="rest32nd" />
  <g c="E4E9" x="0.0" y="-720.0" w="428.0" h="1193.68" h-a-x="428" n="rest64th" />
  <g c="E4EA" x="0.67" y="-711.0" w="490.33" h="1430.0" h-a-x="490" n="rest128th" />
  <g c="E4EB" x="0.0" y="-940.28" w="526.0" h="1675.28" h-a-x="526" n="rest256th" />
  <g c="E4EC" x="0.0" y="-1031.0" w="604.0" h="1970.0" h-a-x="604" n="rest512th" />
  <g c="E4ED" x="0.0" y="-952.0" w="662.08" h="2180.25" h-a-x="662" n="rest1024th" />
  <g c="E4F2" x="0.0" y="-258.0" w="284.0" h="527.0" h-a-x="284" n="restQuarterOld" />
  <g c="E4F6" x="0.0" y="-226.0" w="293.0" h="452.0" h-a-x="293" n="restQuarterZ" />
  <g c="E101" x="0.0" y="-254.0" w="488.0" h="508.0" h-a-x="488" n="noteheadSlashHorizontalEnds">
    <a n="stemDownNW" x="0.0" y="-0.93" />
    <a n="stemUpSE" x="1.95" y="0.88" />
  </g>
  <g c="E102" x="0.0" y="-254.54" w="954.51" h="510.54" h-a-x="955" n="noteheadSlashWhiteWhole" />
  <g c="E103" x="0.0" y="-243.0" w="730.0" h="486.0" h-a-x="730" n="noteheadSlashWhiteHalf">
    <a n="stemDownNW" x="0.0" y="-0.84" />
    <a n="stemUpSE" x="2.92" y="0.84" />
  </g>
  <g c="E000" x="0.0" y="0.0" w="78.0" h="998.54" h-a-x="78" n="brace" />
  <g c="E003" x="0.0" y="0.0" w="508.0" h="370.0" h-a-x="508" n="bracketTop" />
  <g c="E004" x="0.0" y="-393.0" w="496.0" h="393.0" h-a-x="496" n="bracketBottom" />
  <g c="E260" x="1.0" y="-208.0" w="208.0" h="680.0" h-a-x="208" n="accidentalFlat">
    <a n="cutOutNE" x="0.27" y="1.72" />
    <a n="cutOutSE" x="0.39" y="0.17" />
  </g>
  <g c="E261" x="0.0" y="-456.0" w="213.5" h="918.0" h-a-x="214" n="accidentalNatural">
    <a n="cutOutNE" x="0.24" y="2.67" />
    <a n="cutOutSW" x="0.57" y="1.1" />
  </g>
  <g c="E262" x="-22.0" y="-384.0" w="412.0" h="767.0" h-a-x="380" n="accidentalSharp">
    <a n="cutOutNE" x="1.16" y="2.44" />
    <a n="cutOutNW" x="0.5" y="0.51" />
    <a n="cutOutSE" x="0.84" y="-0.45" />
    <a n="cutOutSW" x="0.14" y="-0.75" />
  </g>
  <g c="E263" x="0.0" y="-159.0" w="287.0" h="318.0" h-a-x="287" n="accidentalDoubleSharp" />
  <g c="E264" x="0.0" y="-220.0" w="359.0" h="666.0" h-a-x="359" n="accidentalDoubleFlat">
    <a n="cutOutNE" x="0.89" y="1.8" />
    <a n="cutOutSE" x="1.07" y="0.46" />
  </g>
  <g c="E265" x="-40.0" y="-347.0" w="669.0" h="695.0" h-a-x="629" n="accidentalTripleSharp">
    <a n="cutOutNE" x="1.28" y="2.07" />
    <a n="cutOutNW" x="0.58" y="1.84" />
    <a n="cutOutSE" x="2.03" y="0.64" />
    <a n="cutOutSW" x="0.57" y="0.36" />
  </g>
  <g c="E266" x="0.0" y="-206.26" w="589.0" h="663.26" h-a-x="589" n="accidentalTripleFlat">
    <a n="cutOutNE" x="1.75" y="1.56" />
    <a n="cutOutSE" x="1.94" y="0.19" />
  </g>
  <g c="E267" x="0.0" y="-341.81" w="474.0" h="789.81" h-a-x="474" n="accidentalNaturalFlat">
    <a n="cutOutNE" x="1.22" y="2.15" />
    <a n="cutOutSE" x="0.79" y="0.49" />
    <a n="cutOutSW" x="0.57" y="0.52" />
  </g>
  <g c="E268" x="-4.48" y="-370.0" w="598.92" h="756.0" h-a-x="564" n="accidentalNaturalSharp">
    <a n="cutOutNE" x="1.91" y="2.3" />
    <a n="cutOutSE" x="1.94" y="0.7" />
    <a n="cutOutSW" x="0.55" y="0.61" />
  </g>
  <g c="E269" x="-20.0" y="-393.0" w="698.0" h="795.0" h-a-x="678" n="accidentalSharpSharp">
    <a n="cutOutNE" x="2.25" y="2.39" />
    <a n="cutOutNW" x="0.56" y="2.16" />
    <a n="cutOutSE" x="2.26" y="0.87" />
    <a n="cutOutSW" x="0.49" y="0.68" />
  </g>
  <g c="E26A" x="0.0" y="-270.0" w="130.19" h="537.61" h-a-x="130" n="accidentalParensLeft" />
  <g c="E26B" x="-0.44" y="-275.0" w="139.44" h="552.0" h-a-x="139" n="accidentalParensRight" />
  <g c="E26C" x="0.0" y="-288.0" w="101.0" h="576.0" h-a-x="101" n="accidentalBracketLeft" />
  <g c="E26D" x="0.0" y="-282.6" w="90.44" h="568.6" h-a-x="90" n="accidentalBracketRight" />
  <g c="E280" x="0.0" y="-240.0" w="208.0" h="680.0" h-a-x="208" n="accidentalQuarterToneFlatStein">
    <a n="cutOutNW" x="0.53" y="1.67" />
    <a n="cutOutSW" x="0.48" y="0.12" />
  </g>
  <g c="E281" x="0.0" y="-240.0" w="422.0" h="680.0" h-a-x="422" n="accidentalThreeQuarterTonesFlatZimmermann">
    <a n="cutOutNE" x="1.19" y="1.72" />
    <a n="cutOutNW" x="0.56" y="1.73" />
  </g>
  <g c="E282" x="0.0" y="-338.0" w="300.0" h="689.0" h-a-x="300" n="accidentalQuarterToneSharpStein">
    <a n="cutOutNE" x="0.64" y="2.21" />
    <a n="cutOutNW" x="0.51" y="2.04" />
    <a n="cutOutSE" x="0.66" y="0.71" />
    <a n="cutOutSW" x="0.5" y="0.52" />
  </g>
  <g c="E283" x="-23.0" y="-373.0" w="411.0" h="818.0" h-a-x="388" n="accidentalThreeQuarterTonesSharpStein">
    <a n="cutOutNE" x="1.4" y="2.49" />
    <a n="cutOutNW" x="0.4" y="2.15" />
    <a n="cutOutSE" x="1.29" y="0.84" />
    <a n="cutOutSW" x="0.32" y="0.64" />
  </g>
  <g c="E610" x="0.0" y="-0.1" w="306.0" h="366.1" h-a-x="306" n="stringsDownBow" />
  <g c="E611" x="0.0" y="0.0" w="298.0" h="348.0" h-a-x="298" n="stringsDownBowTurned" />
  <g c="E612" x="0.0" y="0.0" w="219.28" h="489.0" h-a-x="219" n="stringsUpBow" />
  <g c="E613" x="0.0" y="0.0" w="218.0" h="502.1" h-a-x="218" n="stringsUpBowTurned" />
  <g c="E614" x="0.0" y="0.0" w="191.0" h="202.0" h-a-x="191" n="stringsHarmonic" />
  <g c="E080" x="20.0" y="-358.16" w="493.0" h="717.16" h-a-x="533" n="timeSig0" />
  <g c="E081" x="20.0" y="-364.0" w="263.0" h="730.0" h-a-x="303" n="timeSig1" />
  <g c="E082" x="20.0" y="-378.72" w="640.46" h="760.72" h-a-x="680" n="timeSig2" />
  <g c="E083" x="19.82" y="-392.0" w="520.18" h="784.0" h-a-x="560" n="timeSig3" />
  <g c="E084" x="20.0" y="-489.59" w="613.08" h="980.78" h-a-x="653" n="timeSig4" />
  <g c="E085" x="19.66" y="-389.0" w="563.34" h="778.0" h-a-x="603" n="timeSig5" />
  <g c="E086" x="20.0" y="-363.0" w="545.0" h="726.0" h-a-x="585" n="timeSig6" />
  <g c="E087" x="20.36" y="-345.0" w="571.64" h="690.0" h-a-x="612" n="timeSig7" />
  <g c="E088" x="20.0" y="-428.0" w="484.15" h="856.0" h-a-x="524" n="timeSig8" />
  <g c="E089" x="20.0" y="-421.0" w="474.0" h="842.0" h-a-x="514" n="timeSig9" />
  <g c="E08A" x="20.0" y="-298.0" w="565.0" h="592.5" h-a-x="605" n="timeSigCommon" />
  <g c="E08B" x="20.0" y="-687.04" w="675.0" h="1374.04" h-a-x="715" n="timeSigCutCommon" />
  <g c="E08C" x="0.0" y="-358.0" w="661.0" h="716.0" h-a-x="661" n="timeSigPlus" />
  <g c="E08D" x="0.0" y="-197.0" w="418.0" h="396.0" h-a-x="418" n="timeSigPlusSmall" />
  <g c="E08E" x="0.0" y="-423.0" w="405.0" h="846.0" h-a-x="405" n="timeSigFractionalSlash" />
  <g c="E08F" x="0.0" y="-177.0" w="559.0" h="353.0" h-a-x="559" n="timeSigEquals" />
  <g c="E090" x="0.0" y="-54.0" w="662.0" h="109.0" h-a-x="662" n="timeSigMinus" />
  <g c="E091" x="0.0" y="-305.0" w="574.08" h="610.0" h-a-x="574" n="timeSigMultiply" />
  <g c="E092" x="0.0" y="-405.0" w="173.45" h="809.0" h-a-x="173" n="timeSigParensLeftSmall" />
  <g c="E093" x="0.0" y="-422.0" w="154.4" h="844.0" h-a-x="154" n="timeSigParensRightSmall" />
  <g c="E094" x="0.56" y="-728.0" w="399.07" h="1456.0" h-a-x="399" n="timeSigParensLeft" />
  <g c="E095" x="0.0" y="-722.63" w="274.26" h="1447.63" h-a-x="274" n="timeSigParensRight" />
  <g c="EC80" x="20.0" y="-631.0" w="123.44" h="1258.0" h-a-x="193" n="timeSigBracketLeft" />
  <g c="EC81" x="50.0" y="-626.0" w="135.05" h="1251.29" h-a-x="205" n="timeSigBracketRight" />
  <g c="EC82" x="20.0" y="-386.34" w="124.0" h="774.34" h-a-x="194" n="timeSigBracketLeftSmall" />
  <g c="EC83" x="50.0" y="-389.15" w="131.0" h="776.76" h-a-x="201" n="timeSigBracketRightSmall" />
  <g c="EC84" x="50.0" y="-523.0" w="309.0" h="1047.0" h-a-x="409" n="timeSigSlash" />
  <g c="EC85" x="0.34" y="-435.0" w="383.66" h="867.59" h-a-x="384" n="timeSigCut2" />
  <g c="EC86" x="0.0" y="-435.0" w="454.0" h="867.59" h-a-x="454" n="timeSigCut3" />
  <g c="E220" x="-158.0" y="-88.0" w="314.19" h="176.0" h-a-x="156" n="tremolo1" />
  <g c="E221" x="-148.0" y="-177.0" w="297.0" h="354.0" h-a-x="149" n="tremolo2" />
  <g c="E222" x="-146.6" y="-253.0" w="293.82" h="506.0" h-a-x="147" n="tremolo3" />
  <g c="E223" x="-159.0" y="-342.0" w="318.0" h="684.0" h-a-x="159" n="tremolo4" />
  <g c="E224" x="-161.0" y="-437.0" w="322.0" h="874.0" h-a-x="161" n="tremolo5" />
  <g c="E22A" x="-175.0" y="-123.0" w="352.0" h="244.24" h-a-x="177" n="buzzRoll" />
  <g c="E22E" x="0.0" y="0.0" w="242.0" h="148.0" h-a-x="242" n="tremoloDivisiDots2" />
  <g c="E22F" x="0.0" y="0.0" w="414.0" h="168.0" h-a-x="414" n="tremoloDivisiDots3" />
  <g c="E230" x="0.0" y="0.0" w="545.0" h="170.0" h-a-x="545" n="tremoloDivisiDots4" />
  <g c="E231" x="0.0" y="0.0" w="407.0" h="327.0" h-a-x="407" n="tremoloDivisiDots6" />
  <g c="E880" x="10.0" y="3.0" w="272.0" h="449.0" h-a-x="292" n="tuplet0" />
  <g c="E881" x="10.0" y="-40.0" w="210.51" h="534.0" h-a-x="231" n="tuplet1" />
  <g c="E882" x="11.0" y="-20.0" w="350.0" h="484.0" h-a-x="370" n="tuplet2" />
  <g c="E883" x="10.0" y="-20.0" w="326.0" h="489.0" h-a-x="356" n="tuplet3" />
  <g c="E884" x="10.0" y="-50.0" w="329.0" h="556.19" h-a-x="349" n="tuplet4" />
  <g c="E885" x="10.0" y="-10.0" w="350.98" h="523.0" h-a-x="351" n="tuplet5" />
  <g c="E886" x="10.0" y="-10.0" w="281.0" h="514.0" h-a-x="301" n="tuplet6" />
  <g c="E887" x="10.0" y="-24.0" w="310.0" h="515.0" h-a-x="310" n="tuplet7" />
  <g c="E888" x="10.0" y="-40.0" w="267.43" h="594.0" h-a-x="287" n="tuplet8" />
  <g c="E889" x="10.0" y="0.0" w="302.0" h="664.0" h-a-x="322" n="tuplet9" />
  <g c="E88A" x="10.0" y="80.0" w="125.0" h="314.0" h-a-x="145" n="tupletColon" />
  <g c="E645" x="-157.0" y="0.0" w="314.0" h="325.0" h-a-x="157" n="vocalSprechgesang" />
</bounding-boxes>